Ticker,Date,Rate of Change,Close Price
MID150BEES.NS,2019-08-23 00:00:00+05:30,-0.2477426894473833,56.369998931884766
MID150BEES.NS,2019-08-26 00:00:00+05:30,-0.7294233593026056,57.15999984741211
MID150BEES.NS,2019-08-27 00:00:00+05:30,1.015936266959594,57.66999816894531
MID150BEES.NS,2019-08-28 00:00:00+05:30,-1.4894364138411276,56.880001068115234
MID150BEES.NS,2019-08-29 00:00:00+05:30,-1.7946521170582153,56.90999984741211
MID150BEES.NS,2019-08-30 00:00:00+05:30,-0.22715545894648193,57.099998474121094
MID150BEES.NS,2019-09-03 00:00:00+05:30,-2.0287813526849496,56.5
MID150BEES.NS,2019-09-04 00:00:00+05:30,-1.8326441398593074,56.779998779296875
MID150BEES.NS,2019-09-05 00:00:00+05:30,-1.9993103037917792,56.86000061035156
MID150BEES.NS,2019-09-06 00:00:00+05:30,-0.7130432128906294,57.09000015258789
MID150BEES.NS,2019-09-09 00:00:00+05:30,1.741114761066842,57.849998474121094
MID150BEES.NS,2019-09-11 00:00:00+05:30,4.021447666342781,58.20000076293945
MID150BEES.NS,2019-09-12 00:00:00+05:30,3.2109302955250163,58.18000030517578
MID150BEES.NS,2019-09-13 00:00:00+05:30,2.3093066801048723,58.47999954223633
MID150BEES.NS,2019-09-16 00:00:00+05:30,1.2484849030060197,58.38999938964844
MID150BEES.NS,2019-09-17 00:00:00+05:30,0.49226226096861225,57.15999984741211
MID150BEES.NS,2019-09-18 00:00:00+05:30,1.107012949928654,57.540000915527344
MID150BEES.NS,2019-09-19 00:00:00+05:30,-1.103322714979571,56.470001220703125
MID150BEES.NS,2019-09-20 00:00:00+05:30,6.035397960021438,59.90999984741211
MID150BEES.NS,2019-09-23 00:00:00+05:30,8.471295309440618,61.59000015258789
MID150BEES.NS,2019-09-24 00:00:00+05:30,7.61519164593385,61.189998626708984
MID150BEES.NS,2019-09-25 00:00:00+05:30,5.097214642904846,60.0
MID150BEES.NS,2019-09-26 00:00:00+05:30,5.012967333397955,60.75
MID150BEES.NS,2019-09-27 00:00:00+05:30,3.4707911190440477,60.220001220703125
MID150BEES.NS,2019-09-30 00:00:00+05:30,2.1313129207034764,59.41999816894531
MID150BEES.NS,2019-10-01 00:00:00+05:30,-0.7523916384287954,58.040000915527344
MID150BEES.NS,2019-10-03 00:00:00+05:30,0.051376570663563825,58.41999816894531
MID150BEES.NS,2019-10-04 00:00:00+05:30,1.4870512183172702,58.0099983215332
MID150BEES.NS,2019-10-07 00:00:00+05:30,-0.08689474498609906,57.4900016784668
MID150BEES.NS,2019-10-09 00:00:00+05:30,3.5771213283117387,58.4900016784668
MID150BEES.NS,2019-10-10 00:00:00+05:30,-3.4551822735710336,57.84000015258789
MID150BEES.NS,2019-10-11 00:00:00+05:30,-5.877575780023214,57.970001220703125
MID150BEES.NS,2019-10-14 00:00:00+05:30,-5.082524702487579,58.08000183105469
MID150BEES.NS,2019-10-15 00:00:00+05:30,-3.1999969482421897,58.08000183105469
MID150BEES.NS,2019-10-16 00:00:00+05:30,-4.526748971193417,58.0
MID150BEES.NS,2019-10-17 00:00:00+05:30,-2.1587562693553775,58.91999816894531
MID150BEES.NS,2019-10-18 00:00:00+05:30,1.2453747917709368,60.15999984741211
MID150BEES.NS,2019-10-22 00:00:00+05:30,3.5665052759681126,60.11000061035156
MID150BEES.NS,2019-10-23 00:00:00+05:30,2.841498997156422,60.08000183105469
MID150BEES.NS,2019-10-24 00:00:00+05:30,3.602827466057845,60.099998474121094
MID150BEES.NS,2019-10-25 00:00:00+05:30,4.452943962171796,60.04999923706055
MID150BEES.NS,2019-10-27 00:00:00+05:30,4.718752337716725,61.25
MID150BEES.NS,2019-10-29 00:00:00+05:30,5.463346886368781,61.0
MID150BEES.NS,2019-10-30 00:00:00+05:30,6.089354329763563,61.5
MID150BEES.NS,2019-10-31 00:00:00+05:30,6.749307929341941,62.0
MID150BEES.NS,2019-11-01 00:00:00+05:30,6.249995073996462,61.709999084472656
MID150BEES.NS,2019-11-04 00:00:00+05:30,7.56896446491111,62.38999938964844
MID150BEES.NS,2019-11-05 00:00:00+05:30,5.227430289836721,62.0
MID150BEES.NS,2019-11-06 00:00:00+05:30,2.4601056283080958,61.63999938964844
MID150BEES.NS,2019-11-07 00:00:00+05:30,3.709864447834166,62.34000015258789
MID150BEES.NS,2019-11-08 00:00:00+05:30,2.9294245470935953,61.84000015258789
MID150BEES.NS,2019-11-11 00:00:00+05:30,2.662233493245947,61.70000076293945
MID150BEES.NS,2019-11-13 00:00:00+05:30,2.3980057613681716,61.4900016784668
MID150BEES.NS,2019-11-14 00:00:00+05:30,0.5551022899394242,61.59000015258789
MID150BEES.NS,2019-11-15 00:00:00+05:30,0.9508226738601522,61.58000183105469
MID150BEES.NS,2019-11-18 00:00:00+05:30,0.9268287720719082,62.06999969482422
MID150BEES.NS,2019-11-19 00:00:00+05:30,0.1451615364320924,62.09000015258789
MID150BEES.NS,2019-11-20 00:00:00+05:30,0.8912643740403681,62.2599983215332
MID150BEES.NS,2019-11-21 00:00:00+05:30,-0.9456646231123078,61.79999923706055
MID150BEES.NS,2019-11-22 00:00:00+05:30,0.19354666433026857,62.119998931884766
MID150BEES.NS,2019-11-25 00:00:00+05:30,1.6385498803234588,62.650001525878906
MID150BEES.NS,2019-11-26 00:00:00+05:30,-0.5133135932642974,62.02000045776367
MID150BEES.NS,2019-11-27 00:00:00+05:30,0.8570484766965203,62.369998931884766
MID150BEES.NS,2019-11-28 00:00:00+05:30,2.4959495891162975,63.2400016784668
MID150BEES.NS,2019-11-29 00:00:00+05:30,3.122455873371166,63.40999984741211
MID150BEES.NS,2019-12-02 00:00:00+05:30,1.7860017395614047,62.689998626708984
MID150BEES.NS,2019-12-03 00:00:00+05:30,1.380315766233764,62.43000030517578
MID150BEES.NS,2019-12-04 00:00:00+05:30,0.7410972881171318,62.529998779296875
MID150BEES.NS,2019-12-05 00:00:00+05:30,0.9824458187348561,62.70000076293945
MID150BEES.NS,2019-12-06 00:00:00+05:30,-0.819142844976295,61.75
MID150BEES.NS,2019-12-09 00:00:00+05:30,-0.2103577179937477,61.66999816894531
MID150BEES.NS,2019-12-10 00:00:00+05:30,-1.4488050976441569,61.220001220703125
MID150BEES.NS,2019-12-11 00:00:00+05:30,-2.15483201267076,61.29999923706055
MID150BEES.NS,2019-12-12 00:00:00+05:30,-0.016127275325128476,62.0099983215332
MID150BEES.NS,2019-12-13 00:00:00+05:30,-0.20842914164539428,62.2400016784668
MID150BEES.NS,2019-12-16 00:00:00+05:30,-1.4073421580074852,62.349998474121094
MID150BEES.NS,2019-12-17 00:00:00+05:30,-1.2300879690487987,62.630001068115234
MID150BEES.NS,2019-12-18 00:00:00+05:30,-0.4306914399079931,62.41999816894531
MID150BEES.NS,2019-12-19 00:00:00+05:30,0.19221356927467959,62.54999923706055
MID150BEES.NS,2019-12-20 00:00:00+05:30,-0.2718665796641595,62.36000061035156
MID150BEES.NS,2019-12-23 00:00:00+05:30,-0.43062273441512033,62.43000030517578
MID150BEES.NS,2019-12-24 00:00:00+05:30,1.004046853254681,62.369998931884766
MID150BEES.NS,2019-12-26 00:00:00+05:30,1.1512938547928453,62.380001068115234
MID150BEES.NS,2019-12-27 00:00:00+05:30,2.907544501477277,63.0
MID150BEES.NS,2019-12-30 00:00:00+05:30,4.714524046190327,64.19000244140625
MID150BEES.NS,2019-12-31 00:00:00+05:30,2.112564761731517,63.31999969482422
MID150BEES.NS,2020-01-01 00:00:00+05:30,2.1850847669961038,63.599998474121094
MID150BEES.NS,2020-01-02 00:00:00+05:30,3.191656635878659,64.33999633789062
MID150BEES.NS,2020-01-03 00:00:00+05:30,2.267287177750821,64.05000305175781
MID150BEES.NS,2020-01-06 00:00:00+05:30,0.4005126679487381,62.66999816894531
MID150BEES.NS,2020-01-07 00:00:00+05:30,1.1350904766310288,63.2599983215332
MID150BEES.NS,2020-01-08 00:00:00+05:30,1.5234136524074238,63.310001373291016
MID150BEES.NS,2020-01-09 00:00:00+05:30,2.4667642287351965,63.970001220703125
MID150BEES.NS,2020-01-10 00:00:00+05:30,3.318909002679593,64.44000244140625
MID150BEES.NS,2020-01-13 00:00:00+05:30,3.7832586650284217,64.73999786376953
MID150BEES.NS,2020-01-14 00:00:00+05:30,3.1746031746031855,65.0
MID150BEES.NS,2020-01-15 00:00:00+05:30,2.5704842401128136,65.83999633789062
MID150BEES.NS,2020-01-16 00:00:00+05:30,4.516741352077647,66.18000030517578
MID150BEES.NS,2020-01-17 00:00:00+05:30,4.905664813579458,66.72000122070312
MID150BEES.NS,2020-01-20 00:00:00+05:30,3.1706574940010723,66.37999725341797
MID150BEES.NS,2020-01-21 00:00:00+05:30,3.466031983659157,66.2699966430664
MID150BEES.NS,2020-01-22 00:00:00+05:30,5.409285924198848,66.05999755859375
MID150BEES.NS,2020-01-23 00:00:00+05:30,6.006954375411455,67.05999755859375
MID150BEES.NS,2020-01-24 00:00:00+05:30,6.760377304943854,67.58999633789062
MID150BEES.NS,2020-01-27 00:00:00+05:30,5.4087838337462335,67.43000030517578
MID150BEES.NS,2020-01-28 00:00:00+05:30,4.608940267194561,67.41000366210938
MID150BEES.NS,2020-01-29 00:00:00+05:30,4.201423093072609,67.45999908447266
MID150BEES.NS,2020-01-30 00:00:00+05:30,3.092310978816104,67.01000213623047
MID150BEES.NS,2020-01-31 00:00:00+05:30,1.4428988919763963,66.79000091552734
MID150BEES.NS,2020-02-03 00:00:00+05:30,-0.3928711620301062,65.91999816894531
MID150BEES.NS,2020-02-04 00:00:00+05:30,-0.314746823487011,66.51000213623047
MID150BEES.NS,2020-02-05 00:00:00+05:30,1.0846659392804492,67.0999984741211
MID150BEES.NS,2020-02-06 00:00:00+05:30,1.9616766524973572,67.56999969482422
MID150BEES.NS,2020-02-07 00:00:00+05:30,2.9972803967747375,68.04000091552734
MID150BEES.NS,2020-02-10 00:00:00+05:30,0.43244993451416747,67.3499984741211
MID150BEES.NS,2020-02-11 00:00:00+05:30,0.13316166912513694,67.68000030517578
MID150BEES.NS,2020-02-12 00:00:00+05:30,0.10381090687736627,67.5
MID150BEES.NS,2020-02-13 00:00:00+05:30,0.044501969540378106,67.44000244140625
MID150BEES.NS,2020-02-14 00:00:00+05:30,-0.5632927046769431,67.08000183105469
MID150BEES.NS,2020-02-17 00:00:00+05:30,-1.059541951706311,66.30000305175781
MID150BEES.NS,2020-02-18 00:00:00+05:30,-1.0929830018371556,66.05999755859375
MID150BEES.NS,2020-02-19 00:00:00+05:30,1.5776713355815764,66.95999908447266
MID150BEES.NS,2020-02-20 00:00:00+05:30,1.4283520038028907,67.45999908447266
MID150BEES.NS,2020-02-24 00:00:00+05:30,-1.4903129996130748,66.0999984741211
MID150BEES.NS,2020-02-25 00:00:00+05:30,-2.1015216447515916,66.1500015258789
MID150BEES.NS,2020-02-26 00:00:00+05:30,-3.9535602663291036,65.3499984741211
MID150BEES.NS,2020-02-27 00:00:00+05:30,-3.6971015889871173,64.86000061035156
MID150BEES.NS,2020-02-28 00:00:00+05:30,-7.550237274394311,62.56999969482422
MID150BEES.NS,2020-03-02 00:00:00+05:30,-7.3185164840133154,62.560001373291016
MID150BEES.NS,2020-03-03 00:00:00+05:30,-5.708781360385251,63.59000015258789
MID150BEES.NS,2020-03-04 00:00:00+05:30,-6.678597547174747,62.599998474121094
MID150BEES.NS,2020-03-05 00:00:00+05:30,-5.037713142603851,62.959999084472656
MID150BEES.NS,2020-03-06 00:00:00+05:30,-6.569779743090587,61.720001220703125
MID150BEES.NS,2020-03-09 00:00:00+05:30,-3.6290327634417086,64.52999877929688
MID150BEES.NS,2020-03-11 00:00:00+05:30,-13.044766315578048,58.65999984741211
MID150BEES.NS,2020-03-12 00:00:00+05:30,-17.972764792224805,54.220001220703125
MID150BEES.NS,2020-03-13 00:00:00+05:30,-17.142856978093203,54.810001373291016
MID150BEES.NS,2020-03-16 00:00:00+05:30,-19.296093481391452,52.7400016784668
MID150BEES.NS,2020-03-17 00:00:00+05:30,-19.349366510887123,52.310001373291016
MID150BEES.NS,2020-03-18 00:00:00+05:30,-22.50279380698498,48.4900016784668
MID150BEES.NS,2020-03-19 00:00:00+05:30,-10.262151283109622,56.13999938964844
MID150BEES.NS,2020-03-20 00:00:00+05:30,-22.94385928224303,49.0
MID150BEES.NS,2020-03-23 00:00:00+05:30,-32.12459630325357,42.4900016784668
MID150BEES.NS,2020-03-24 00:00:00+05:30,-30.94027926541144,43.47999954223633
MID150BEES.NS,2020-03-25 00:00:00+05:30,-32.12897187112009,41.88999938964844
MID150BEES.NS,2020-03-26 00:00:00+05:30,-27.05718179879206,47.06999969482422
MID150BEES.NS,2020-03-27 00:00:00+05:30,-22.690080818127058,45.349998474121094
MID150BEES.NS,2020-03-30 00:00:00+05:30,-19.07045355919268,43.880001068115234
MID150BEES.NS,2020-03-31 00:00:00+05:30,-14.796570711825552,46.70000076293945
MID150BEES.NS,2020-04-01 00:00:00+05:30,-8.304893683580495,48.36000061035156
MID150BEES.NS,2020-04-03 00:00:00+05:30,-14.662591822371486,44.63999938964844
MID150BEES.NS,2020-04-07 00:00:00+05:30,-6.331209328220744,45.41999816894531
MID150BEES.NS,2020-04-08 00:00:00+05:30,-16.512291696734415,46.869998931884766
MID150BEES.NS,2020-04-09 00:00:00+05:30,-0.4285695601482731,48.790000915527344
MID150BEES.NS,2020-04-13 00:00:00+05:30,11.061418598681927,47.189998626708984
MID150BEES.NS,2020-04-15 00:00:00+05:30,11.660532999544394,48.54999923706055
MID150BEES.NS,2020-04-16 00:00:00+05:30,17.235620257581765,49.11000061035156
MID150BEES.NS,2020-04-17 00:00:00+05:30,5.587425292472292,49.70000076293945
MID150BEES.NS,2020-04-20 00:00:00+05:30,13.230430434135275,51.349998474121094
MID150BEES.NS,2020-04-21 00:00:00+05:30,12.032813698205459,49.15999984741211
MID150BEES.NS,2020-04-22 00:00:00+05:30,4.432547453975522,48.77000045776367
MID150BEES.NS,2020-04-23 00:00:00+05:30,3.287841465096153,49.95000076293945
MID150BEES.NS,2020-04-24 00:00:00+05:30,10.77509282942868,49.45000076293945
MID150BEES.NS,2020-04-27 00:00:00+05:30,12.043155969220386,50.88999938964844
MID150BEES.NS,2020-04-28 00:00:00+05:30,7.2967827215289605,50.290000915527344
MID150BEES.NS,2020-04-29 00:00:00+05:30,3.5048146185388873,50.5
MID150BEES.NS,2020-04-30 00:00:00+05:30,9.7478330635399,51.790000915527344
MID150BEES.NS,2020-05-04 00:00:00+05:30,3.274974619101889,50.13999938964844
MID150BEES.NS,2020-05-05 00:00:00+05:30,1.3846473156680306,49.790000915527344
MID150BEES.NS,2020-05-06 00:00:00+05:30,-1.1871230252129994,49.11000061035156
MID150BEES.NS,2020-05-07 00:00:00+05:30,-3.193767163352401,49.709999084472656
MID150BEES.NS,2020-05-08 00:00:00+05:30,0.5695662737305929,49.439998626708984
MID150BEES.NS,2020-05-11 00:00:00+05:30,1.5788403742799106,49.540000915527344
MID150BEES.NS,2020-05-12 00:00:00+05:30,-1.3613619515303599,49.27000045776367
MID150BEES.NS,2020-05-13 00:00:00+05:30,1.5975751331421817,50.2400016784668
MID150BEES.NS,2020-05-14 00:00:00+05:30,-1.7488689336268126,50.0
MID150BEES.NS,2020-05-15 00:00:00+05:30,-0.4971167139565691,50.040000915527344
MID150BEES.NS,2020-05-18 00:00:00+05:30,-3.3663381444345553,48.79999923706055
MID150BEES.NS,2020-05-19 00:00:00+05:30,-7.144237685908483,48.09000015258789
MID150BEES.NS,2020-05-20 00:00:00+05:30,-2.871955812201854,48.70000076293945
MID150BEES.NS,2020-05-21 00:00:00+05:30,-1.586665798355058,49.0
MID150BEES.NS,2020-05-22 00:00:00+05:30,-1.0792074378129013,48.58000183105469
MID150BEES.NS,2020-05-26 00:00:00+05:30,-1.4282822320437982,49.0
MID150BEES.NS,2020-05-27 00:00:00+05:30,-0.46520944301174927,49.209999084472656
MID150BEES.NS,2020-05-28 00:00:00+05:30,1.8974537935754432,50.47999954223633
MID150BEES.NS,2020-05-29 00:00:00+05:30,4.241932480555843,51.36000061035156
MID150BEES.NS,2020-06-01 00:00:00+05:30,3.7420326246202062,52.119998931884766
MID150BEES.NS,2020-06-02 00:00:00+05:30,7.059997558593745,53.529998779296875
MID150BEES.NS,2020-06-03 00:00:00+05:30,6.254990399983651,53.16999816894531
MID150BEES.NS,2020-06-04 00:00:00+05:30,9.262296164814309,53.31999969482422
MID150BEES.NS,2020-06-05 00:00:00+05:30,12.289456911332675,54.0
MID150BEES.NS,2020-06-08 00:00:00+05:30,10.944554276913966,54.029998779296875
MID150BEES.NS,2020-06-09 00:00:00+05:30,9.795916810327654,53.79999923706055
MID150BEES.NS,2020-06-10 00:00:00+05:30,11.93906755547487,54.380001068115234
MID150BEES.NS,2020-06-11 00:00:00+05:30,10.224486370475926,54.0099983215332
MID150BEES.NS,2020-06-12 00:00:00+05:30,12.334890891594231,55.279998779296875
MID150BEES.NS,2020-06-15 00:00:00+05:30,6.973059607139076,54.0
MID150BEES.NS,2020-06-16 00:00:00+05:30,6.23053100644726,54.560001373291016
MID150BEES.NS,2020-06-17 00:00:00+05:30,4.105908352847787,54.2599983215332
MID150BEES.NS,2020-06-18 00:00:00+05:30,2.671399846414424,54.959999084472656
MID150BEES.NS,2020-06-22 00:00:00+05:30,9.121689779652975,58.02000045776367
MID150BEES.NS,2020-06-23 00:00:00+05:30,7.839460482182892,57.5
MID150BEES.NS,2020-06-24 00:00:00+05:30,5.9074048642759,57.189998626708984
MID150BEES.NS,2020-06-25 00:00:00+05:30,5.8856197983004455,57.209999084472656
MID150BEES.NS,2020-06-26 00:00:00+05:30,7.24907357097575,57.70000076293945
MID150BEES.NS,2020-06-29 00:00:00+05:30,4.137550488794028,56.630001068115234
MID150BEES.NS,2020-06-30 00:00:00+05:30,4.850958763198965,56.630001068115234
MID150BEES.NS,2020-07-01 00:00:00+05:30,1.0130271086415954,55.84000015258789
MID150BEES.NS,2020-07-02 00:00:00+05:30,5.759260389539933,57.11000061035156
MID150BEES.NS,2020-07-06 00:00:00+05:30,7.624632959500932,58.720001220703125
MID150BEES.NS,2020-07-07 00:00:00+05:30,8.12753406529685,58.66999816894531
MID150BEES.NS,2020-07-08 00:00:00+05:30,7.0960727635469345,58.86000061035156
MID150BEES.NS,2020-07-09 00:00:00+05:30,1.0685951861308496,58.63999938964844
MID150BEES.NS,2020-07-10 00:00:00+05:30,1.8608690344769085,58.56999969482422
MID150BEES.NS,2020-07-13 00:00:00+05:30,1.748557482099633,58.189998626708984
MID150BEES.NS,2020-07-14 00:00:00+05:30,0.7516173956599204,57.63999938964844
MID150BEES.NS,2020-07-15 00:00:00+05:30,-1.5077970890488457,56.83000183105469
MID150BEES.NS,2020-07-16 00:00:00+05:30,1.0065330815350215,57.20000076293945
MID150BEES.NS,2020-07-17 00:00:00+05:30,2.2779393898976874,57.91999816894531
MID150BEES.NS,2020-07-20 00:00:00+05:30,4.781515332466513,58.5099983215332
MID150BEES.NS,2020-07-21 00:00:00+05:30,3.1518109224714097,58.90999984741211
MID150BEES.NS,2020-07-22 00:00:00+05:30,0.3746549751914685,58.939998626708984
MID150BEES.NS,2020-07-23 00:00:00+05:30,0.2897596539086944,58.84000015258789
MID150BEES.NS,2020-07-24 00:00:00+05:30,0.3227975275888362,59.04999923706055
MID150BEES.NS,2020-07-27 00:00:00+05:30,-0.40927330536756346,58.400001525878906
MID150BEES.NS,2020-07-28 00:00:00+05:30,-0.1536625457688734,58.47999954223633
MID150BEES.NS,2020-07-29 00:00:00+05:30,1.7185083753224362,59.189998626708984
MID150BEES.NS,2020-07-30 00:00:00+05:30,1.7349063334299641,58.63999938964844
MID150BEES.NS,2020-07-31 00:00:00+05:30,3.2377200045859533,58.66999816894531
MID150BEES.NS,2020-08-03 00:00:00+05:30,3.391605945512377,59.13999938964844
MID150BEES.NS,2020-08-04 00:00:00+05:30,2.6761103258958086,59.470001220703125
MID150BEES.NS,2020-08-05 00:00:00+05:30,2.085115801916082,59.72999954223633
MID150BEES.NS,2020-08-06 00:00:00+05:30,2.614158749815365,60.45000076293945
MID150BEES.NS,2020-08-07 00:00:00+05:30,4.207668137122256,61.41999816894531
MID150BEES.NS,2020-08-10 00:00:00+05:30,6.594155435168858,62.720001220703125
MID150BEES.NS,2020-08-11 00:00:00+05:30,5.571551156706023,62.34000015258789
MID150BEES.NS,2020-08-12 00:00:00+05:30,6.455473535211809,62.16999816894531
MID150BEES.NS,2020-08-13 00:00:00+05:30,7.199040898473408,62.689998626708984
MID150BEES.NS,2020-08-14 00:00:00+05:30,5.186686545113228,62.2599983215332
MID150BEES.NS,2020-08-17 00:00:00+05:30,6.6507530124008785,62.540000915527344
MID150BEES.NS,2020-08-18 00:00:00+05:30,7.806378002375558,63.25
MID150BEES.NS,2020-08-19 00:00:00+05:30,8.150151749355427,63.959999084472656
MID150BEES.NS,2020-08-20 00:00:00+05:30,8.155369723504702,64.31999969482422
MID150BEES.NS,2020-08-21 00:00:00+05:30,8.705844304020838,64.93000030517578
MID150BEES.NS,2020-08-24 00:00:00+05:30,8.651777462743592,65.68000030517578
MID150BEES.NS,2020-08-25 00:00:00+05:30,6.333441070689028,65.30999755859375
MID150BEES.NS,2020-08-26 00:00:00+05:30,5.532527348800054,66.19000244140625
MID150BEES.NS,2020-08-27 00:00:00+05:30,5.678532390383895,65.87999725341797
MID150BEES.NS,2020-08-28 00:00:00+05:30,7.254306368120944,66.68000030517578
MID150BEES.NS,2020-08-31 00:00:00+05:30,3.0786475708276306,64.62000274658203
MID150BEES.NS,2020-09-01 00:00:00+05:30,3.4532691913558455,64.41000366210938
MID150BEES.NS,2020-09-02 00:00:00+05:30,4.700995200459479,65.4800033569336
MID150BEES.NS,2020-09-03 00:00:00+05:30,4.600796303730248,66.16000366210938
MID150BEES.NS,2020-09-04 00:00:00+05:30,1.7510987533049027,65.08000183105469
MID150BEES.NS,2020-09-07 00:00:00+05:30,0.7773631877679099,64.81999969482422
MID150BEES.NS,2020-09-08 00:00:00+05:30,-1.339908736320583,64.05999755859375
MID150BEES.NS,2020-09-09 00:00:00+05:30,-3.6388541086229242,63.290000915527344
MID150BEES.NS,2020-09-10 00:00:00+05:30,-2.0364386251342292,63.97999954223633
MID150BEES.NS,2020-09-11 00:00:00+05:30,-2.915848668965204,64.26000213623047
MID150BEES.NS,2020-09-14 00:00:00+05:30,1.2143337661057796,66.68000030517578
MID150BEES.NS,2020-09-15 00:00:00+05:30,0.809839401703516,67.22000122070312
MID150BEES.NS,2020-09-16 00:00:00+05:30,4.100887935391717,67.2699966430664
MID150BEES.NS,2020-09-17 00:00:00+05:30,4.08321239541416,67.04000091552734
MID150BEES.NS,2020-09-18 00:00:00+05:30,2.1838732924016613,66.91000366210938
MID150BEES.NS,2020-09-21 00:00:00+05:30,-2.463731548651682,64.52999877929688
MID150BEES.NS,2020-09-22 00:00:00+05:30,-1.843885570339432,63.880001068115234
MID150BEES.NS,2020-09-23 00:00:00+05:30,-1.9438419121649786,63.560001373291016
MID150BEES.NS,2020-09-24 00:00:00+05:30,-2.0449541188251485,62.75
MID150BEES.NS,2020-09-25 00:00:00+05:30,0.45820968767942283,63.58000183105469
MID150BEES.NS,2020-09-28 00:00:00+05:30,1.5786157060949213,64.98999786376953
MID150BEES.NS,2020-09-29 00:00:00+05:30,1.1982518167895861,65.02999877929688
MID150BEES.NS,2020-09-30 00:00:00+05:30,-2.3095394548278136,65.13999938964844
MID150BEES.NS,2020-10-01 00:00:00+05:30,-2.171971225765157,65.76000213623047
MID150BEES.NS,2020-10-05 00:00:00+05:30,-2.304140775548913,65.72000122070312
MID150BEES.NS,2020-10-06 00:00:00+05:30,-1.2977367761051517,66.16999816894531
MID150BEES.NS,2020-10-07 00:00:00+05:30,-1.494544829275346,65.91000366210938
MID150BEES.NS,2020-10-08 00:00:00+05:30,1.7821192431943134,65.68000030517578
MID150BEES.NS,2020-10-09 00:00:00+05:30,2.833439798100512,65.69000244140625
MID150BEES.NS,2020-10-12 00:00:00+05:30,2.4071663491853634,65.08999633789062
MID150BEES.NS,2020-10-13 00:00:00+05:30,4.812743654289098,65.7699966430664
MID150BEES.NS,2020-10-14 00:00:00+05:30,1.9974781479891401,64.8499984741211
MID150BEES.NS,2020-10-15 00:00:00+05:30,-2.0772403731277644,63.63999938964844
MID150BEES.NS,2020-10-16 00:00:00+05:30,-0.7381143111629185,64.55000305175781
MID150BEES.NS,2020-10-19 00:00:00+05:30,-0.23027560221737797,64.98999786376953
MID150BEES.NS,2020-10-20 00:00:00+05:30,-1.2317596740800685,64.94999694824219
MID150BEES.NS,2020-10-21 00:00:00+05:30,-0.6238643555901424,65.30999755859375
MID150BEES.NS,2020-10-22 00:00:00+05:30,-1.193895930766553,65.37999725341797
MID150BEES.NS,2020-10-23 00:00:00+05:30,0.7130838494836755,66.37999725341797
MID150BEES.NS,2020-10-26 00:00:00+05:30,-0.53288439783018,65.33000183105469
MID150BEES.NS,2020-10-27 00:00:00+05:30,0.3349082242756207,65.91000366210938
MID150BEES.NS,2020-10-28 00:00:00+05:30,0.44553838046312855,65.37999725341797
MID150BEES.NS,2020-10-29 00:00:00+05:30,-1.2011453952477824,64.9800033569336
MID150BEES.NS,2020-10-30 00:00:00+05:30,0.37008152570012776,65.08999633789062
MID150BEES.NS,2020-11-02 00:00:00+05:30,2.671271157363808,65.33999633789062
MID150BEES.NS,2020-11-03 00:00:00+05:30,2.4941913775908375,66.16000366210938
MID150BEES.NS,2020-11-04 00:00:00+05:30,2.446536420293599,66.58000183105469
MID150BEES.NS,2020-11-05 00:00:00+05:30,3.5719781429289332,67.2699966430664
MID150BEES.NS,2020-11-06 00:00:00+05:30,4.470993580607807,68.2300033569336
MID150BEES.NS,2020-11-09 00:00:00+05:30,4.756807496178017,68.48999786376953
MID150BEES.NS,2020-11-10 00:00:00+05:30,2.802049845303034,68.23999786376953
MID150BEES.NS,2020-11-11 00:00:00+05:30,5.57171175207003,68.97000122070312
MID150BEES.NS,2020-11-12 00:00:00+05:30,4.339239602563083,68.7699966430664
MID150BEES.NS,2020-11-13 00:00:00+05:30,6.745187897478577,69.79000091552734
MID150BEES.NS,2020-11-14 00:00:00+05:30,9.21821722733165,70.97000122070312
MID150BEES.NS,2020-11-17 00:00:00+05:30,8.864656010284744,70.86000061035156
MID150BEES.NS,2020-11-18 00:00:00+05:30,10.529545865344335,72.22000122070312
MID150BEES.NS,2020-11-19 00:00:00+05:30,8.902658802332741,72.05000305175781
MID150BEES.NS,2020-11-20 00:00:00+05:30,9.5073620561275,72.91000366210938
MID150BEES.NS,2020-11-23 00:00:00+05:30,9.335523594587091,73.55000305175781
MID150BEES.NS,2020-11-24 00:00:00+05:30,8.090277548704616,73.75
MID150BEES.NS,2020-11-25 00:00:00+05:30,6.1468816115990865,72.69999694824219
MID150BEES.NS,2020-11-26 00:00:00+05:30,7.283120422460976,73.20999908447266
MID150BEES.NS,2020-11-27 00:00:00+05:30,7.742491290963893,74.30999755859375
MID150BEES.NS,2020-12-01 00:00:00+05:30,10.556932515078788,76.02999877929688
MID150BEES.NS,2020-12-02 00:00:00+05:30,9.34230771963751,76.30999755859375
MID150BEES.NS,2020-12-03 00:00:00+05:30,7.904749209325135,76.58000183105469
MID150BEES.NS,2020-12-04 00:00:00+05:30,8.622636971102393,76.97000122070312
MID150BEES.NS,2020-12-07 00:00:00+05:30,7.504843640727565,77.63999938964844
MID150BEES.NS,2020-12-08 00:00:00+05:30,7.550304762796256,77.48999786376953
MID150BEES.NS,2020-12-09 00:00:00+05:30,7.296666338790714,78.2300033569336
MID150BEES.NS,2020-12-10 00:00:00+05:30,5.003399255586882,77.2300033569336
MID150BEES.NS,2020-12-11 00:00:00+05:30,5.152546510858058,77.55000305175781
MID150BEES.NS,2020-12-14 00:00:00+05:30,7.138930755528383,77.88999938964844
MID150BEES.NS,2020-12-15 00:00:00+05:30,7.225790167574697,78.5
MID150BEES.NS,2020-12-16 00:00:00+05:30,6.849689321106034,79.4000015258789
MID150BEES.NS,2020-12-17 00:00:00+05:30,4.353541512215653,79.33999633789062
MID150BEES.NS,2020-12-18 00:00:00+05:30,3.3940558906406126,78.9000015258789
MID150BEES.NS,2020-12-21 00:00:00+05:30,-1.3580580969712153,75.54000091552734
MID150BEES.NS,2020-12-22 00:00:00+05:30,-0.8834614712112998,76.29000091552734
MID150BEES.NS,2020-12-23 00:00:00+05:30,-0.2833606677390743,77.41999816894531
MID150BEES.NS,2020-12-24 00:00:00+05:30,0.6581522135632012,78.0
MID150BEES.NS,2020-12-28 00:00:00+05:30,0.8564465552792777,78.9000015258789
MID150BEES.NS,2020-12-29 00:00:00+05:30,1.8386612808787728,78.6500015258789
MID150BEES.NS,2020-12-30 00:00:00+05:30,1.689229538417214,78.86000061035156
MID150BEES.NS,2020-12-31 00:00:00+05:30,2.079859750001911,79.51000213623047
MID150BEES.NS,2021-01-01 00:00:00+05:30,2.382169103926146,80.37000274658203
MID150BEES.NS,2021-01-04 00:00:00+05:30,2.5566734764296495,81.43000030517578
MID150BEES.NS,2021-01-05 00:00:00+05:30,3.7055742086065324,82.27999877929688
MID150BEES.NS,2021-01-06 00:00:00+05:30,4.499360397602659,82.44999694824219
MID150BEES.NS,2021-01-07 00:00:00+05:30,9.902032879114708,83.0199966430664
MID150BEES.NS,2021-01-08 00:00:00+05:30,10.31590333220227,84.16000366210938
MID150BEES.NS,2021-01-11 00:00:00+05:30,8.654100666621067,84.12000274658203
MID150BEES.NS,2021-01-12 00:00:00+05:30,7.923077314327931,84.18000030517578
MID150BEES.NS,2021-01-13 00:00:00+05:30,6.81875430845631,84.27999877929688
MID150BEES.NS,2021-01-14 00:00:00+05:30,6.331844413124954,83.62999725341797
MID150BEES.NS,2021-01-15 00:00:00+05:30,5.64290757519732,83.30999755859375
MID150BEES.NS,2021-01-18 00:00:00+05:30,2.8298326494129666,81.76000213623047
MID150BEES.NS,2021-01-19 00:00:00+05:30,3.894484442519297,83.5
MID150BEES.NS,2021-01-20 00:00:00+05:30,3.229764513768285,84.05999755859375
MID150BEES.NS,2021-01-21 00:00:00+05:30,0.5955248797266943,82.7699966430664
MID150BEES.NS,2021-01-22 00:00:00+05:30,0.048515363260048794,82.48999786376953
MID150BEES.NS,2021-01-25 00:00:00+05:30,-1.7345156230284986,81.58000183105469
MID150BEES.NS,2021-01-27 00:00:00+05:30,-4.705330966673982,80.19999694824219
MID150BEES.NS,2021-01-28 00:00:00+05:30,-5.218734244307677,79.7300033569336
MID150BEES.NS,2021-01-29 00:00:00+05:30,-5.226896543035975,79.77999877929688
MID150BEES.NS,2021-02-01 00:00:00+05:30,-2.6815403048933484,82.0199966430664
MID150BEES.NS,2021-02-02 00:00:00+05:30,0.14349246744369548,83.75
MID150BEES.NS,2021-02-03 00:00:00+05:30,1.7284869566746242,84.75
MID150BEES.NS,2021-02-04 00:00:00+05:30,5.13698243456997,85.95999908447266
MID150BEES.NS,2021-02-05 00:00:00+05:30,2.287429535460328,85.41000366210938
MID150BEES.NS,2021-02-08 00:00:00+05:30,3.0216523784179827,86.5999984741211
MID150BEES.NS,2021-02-09 00:00:00+05:30,4.808509747918421,86.75
MID150BEES.NS,2021-02-10 00:00:00+05:30,5.540065235995617,87.05999755859375
MID150BEES.NS,2021-02-11 00:00:00+05:30,6.987002721630731,87.27999877929688
MID150BEES.NS,2021-02-12 00:00:00+05:30,8.591022009757632,87.08999633789062
MID150BEES.NS,2021-02-15 00:00:00+05:30,10.284706638644693,87.93000030517578
MID150BEES.NS,2021-02-16 00:00:00+05:30,11.443977215479428,88.91000366210938
MID150BEES.NS,2021-02-17 00:00:00+05:30,8.266284669818447,88.80000305175781
MID150BEES.NS,2021-02-18 00:00:00+05:30,6.459705865205234,89.16000366210938
MID150BEES.NS,2021-02-19 00:00:00+05:30,3.6460133780420456,87.83999633789062
MID150BEES.NS,2021-02-22 00:00:00+05:30,1.7449976919217347,87.45999908447266
MID150BEES.NS,2021-02-23 00:00:00+05:30,2.6343518364678076,87.66000366210938
MID150BEES.NS,2021-02-24 00:00:00+05:30,2.401849731759831,88.68000030517578
MID150BEES.NS,2021-02-25 00:00:00+05:30,4.103743583393382,90.30999755859375
MID150BEES.NS,2021-02-26 00:00:00+05:30,1.4243114265303225,88.30000305175781
MID150BEES.NS,2021-03-01 00:00:00+05:30,3.5632454787445145,90.38999938964844
MID150BEES.NS,2021-03-02 00:00:00+05:30,5.419682419540495,91.80999755859375
MID150BEES.NS,2021-03-03 00:00:00+05:30,5.765949820570837,93.0
MID150BEES.NS,2021-03-04 00:00:00+05:30,5.409962164520321,93.72000122070312
MID150BEES.NS,2021-03-05 00:00:00+05:30,3.6148637096348857,92.01000213623047
MID150BEES.NS,2021-03-08 00:00:00+05:30,3.678778201633004,92.44000244140625
MID150BEES.NS,2021-03-09 00:00:00+05:30,5.168489418036293,92.37999725341797
MID150BEES.NS,2021-03-10 00:00:00+05:30,6.082780414490885,92.77999877929688
MID150BEES.NS,2021-03-12 00:00:00+05:30,5.544139605207143,92.5199966430664
MID150BEES.NS,2021-03-15 00:00:00+05:30,3.5520991373914734,91.83000183105469
MID150BEES.NS,2021-03-16 00:00:00+05:30,2.0263557529911047,92.13999938964844
MID150BEES.NS,2021-03-17 00:00:00+05:30,1.8799501419516584,89.95999908447266
MID150BEES.NS,2021-03-18 00:00:00+05:30,-0.5199703771177955,89.91999816894531
MID150BEES.NS,2021-03-19 00:00:00+05:30,-2.723014994532036,89.30999755859375
MID150BEES.NS,2021-03-22 00:00:00+05:30,-3.29031995547715,89.94000244140625
MID150BEES.NS,2021-03-23 00:00:00+05:30,-3.467776309932513,90.47000122070312
MID150BEES.NS,2021-03-24 00:00:00+05:30,-2.793174258401887,89.44000244140625
MID150BEES.NS,2021-03-25 00:00:00+05:30,-3.7754277379819734,88.94999694824219
MID150BEES.NS,2021-03-26 00:00:00+05:30,-4.102620727656625,88.58999633789062
MID150BEES.NS,2021-03-30 00:00:00+05:30,-2.554424604838801,90.41000366210938
MID150BEES.NS,2021-03-31 00:00:00+05:30,-0.5836503520596281,91.9800033569336
MID150BEES.NS,2021-04-01 00:00:00+05:30,0.7296070517105679,92.5
MID150BEES.NS,2021-04-05 00:00:00+05:30,-1.378333678618504,90.87000274658203
MID150BEES.NS,2021-04-06 00:00:00+05:30,1.9453090460313849,91.70999908447266
MID150BEES.NS,2021-04-07 00:00:00+05:30,2.6468026370962017,92.30000305175781
MID150BEES.NS,2021-04-08 00:00:00+05:30,3.515843103218508,92.44999694824219
MID150BEES.NS,2021-04-09 00:00:00+05:30,3.657995137003356,93.2300033569336
MID150BEES.NS,2021-04-12 00:00:00+05:30,3.0728404352676097,93.25
MID150BEES.NS,2021-04-13 00:00:00+05:30,0.6261153212295811,90.0
MID150BEES.NS,2021-04-15 00:00:00+05:30,0.8319342535724417,89.69000244140625
MID150BEES.NS,2021-04-16 00:00:00+05:30,2.2124469972789385,90.55000305175781
MID150BEES.NS,2021-04-19 00:00:00+05:30,-1.3604726325755934,89.18000030517578
MID150BEES.NS,2021-04-20 00:00:00+05:30,-2.891936904793402,89.31999969482422
MID150BEES.NS,2021-04-22 00:00:00+05:30,-3.0918925517314233,89.63999938964844
MID150BEES.NS,2021-04-23 00:00:00+05:30,-1.056453235893362,89.91000366210938
MID150BEES.NS,2021-04-26 00:00:00+05:30,-1.7664406964935986,90.08999633789062
MID150BEES.NS,2021-04-27 00:00:00+05:30,-0.736728366947581,91.62000274658203
MID150BEES.NS,2021-04-28 00:00:00+05:30,0.6057384602206062,93.01000213623047
MID150BEES.NS,2021-04-29 00:00:00+05:30,-0.22525657653703623,93.0199966430664
MID150BEES.NS,2021-04-30 00:00:00+05:30,-1.2439717556132712,92.08999633789062
MID150BEES.NS,2021-05-03 00:00:00+05:30,2.6666683620876652,92.4000015258789
MID150BEES.NS,2021-05-04 00:00:00+05:30,2.9546145884159047,92.33999633789062
MID150BEES.NS,2021-05-05 00:00:00+05:30,2.3191589214201835,92.6500015258789
MID150BEES.NS,2021-05-06 00:00:00+05:30,5.292667867852874,93.9000015258789
MID150BEES.NS,2021-05-07 00:00:00+05:30,4.713389049324657,93.52999877929688
MID150BEES.NS,2021-05-10 00:00:00+05:30,4.830434918047,93.97000122070312
MID150BEES.NS,2021-05-11 00:00:00+05:30,5.572232568985314,94.91999816894531
MID150BEES.NS,2021-05-12 00:00:00+05:30,4.773008354479513,94.38999938964844
MID150BEES.NS,2021-05-14 00:00:00+05:30,1.659022699738033,93.13999938964844
MID150BEES.NS,2021-05-17 00:00:00+05:30,1.1504135794524695,94.08000183105469
MID150BEES.NS,2021-05-18 00:00:00+05:30,3.2036158508673918,96.0
MID150BEES.NS,2021-05-19 00:00:00+05:30,3.996091271057667,95.7699966430664
MID150BEES.NS,2021-05-20 00:00:00+05:30,3.571423558298359,95.69999694824219
MID150BEES.NS,2021-05-21 00:00:00+05:30,4.429287556303341,96.43000030517578
MID150BEES.NS,2021-05-24 00:00:00+05:30,4.986503012519705,97.2699966430664
MID150BEES.NS,2021-05-25 00:00:00+05:30,3.7486651606670085,97.41999816894531
MID150BEES.NS,2021-05-26 00:00:00+05:30,4.24462875282523,97.5
MID150BEES.NS,2021-05-27 00:00:00+05:30,4.214109857434156,97.93000030517578
MID150BEES.NS,2021-05-28 00:00:00+05:30,3.2026980343136335,97.95999908447266
MID150BEES.NS,2021-05-31 00:00:00+05:30,3.782180016854353,97.95999908447266
MID150BEES.NS,2021-06-01 00:00:00+05:30,5.357524046026696,98.12999725341797
MID150BEES.NS,2021-06-02 00:00:00+05:30,5.144553830453913,98.91999816894531
MID150BEES.NS,2021-06-03 00:00:00+05:30,4.020833969116211,99.86000061035156
MID150BEES.NS,2021-06-04 00:00:00+05:30,5.314821077268639,100.86000061035156
MID150BEES.NS,2021-06-07 00:00:00+05:30,6.133754371754807,101.56999969482422
MID150BEES.NS,2021-06-08 00:00:00+05:30,6.668049657602926,102.86000061035156
MID150BEES.NS,2021-06-09 00:00:00+05:30,4.759951724684819,101.9000015258789
MID150BEES.NS,2021-06-10 00:00:00+05:30,6.507908115837102,103.76000213623047
MID150BEES.NS,2021-06-11 00:00:00+05:30,6.379488431490388,103.72000122070312
MID150BEES.NS,2021-06-14 00:00:00+05:30,5.77963444815357,103.58999633789062
MID150BEES.NS,2021-06-15 00:00:00+05:30,6.114738586924906,103.94999694824219
MID150BEES.NS,2021-06-16 00:00:00+05:30,5.379751247156017,103.2300033569336
MID150BEES.NS,2021-06-17 00:00:00+05:30,4.392138294733483,102.44000244140625
MID150BEES.NS,2021-06-18 00:00:00+05:30,2.0824961849170265,100.9800033569336
MID150BEES.NS,2021-06-21 00:00:00+05:30,1.932706081894131,101.79000091552734
MID150BEES.NS,2021-06-22 00:00:00+05:30,1.338487473677974,102.20999908447266
MID150BEES.NS,2021-06-23 00:00:00+05:30,0.5415014801716467,102.12000274658203
MID150BEES.NS,2021-06-24 00:00:00+05:30,-1.1083019471941458,101.72000122070312
MID150BEES.NS,2021-06-25 00:00:00+05:30,0.7360156906470072,102.6500015258789
MID150BEES.NS,2021-06-28 00:00:00+05:30,-0.7421012496221513,102.98999786376953
MID150BEES.NS,2021-06-29 00:00:00+05:30,-1.2919436478156188,102.37999725341797
MID150BEES.NS,2021-06-30 00:00:00+05:30,-0.5792050345904243,102.98999786376953
MID150BEES.NS,2021-07-01 00:00:00+05:30,-0.9331347953685509,102.9800033569336
MID150BEES.NS,2021-07-02 00:00:00+05:30,0.1259297192585329,103.36000061035156
MID150BEES.NS,2021-07-05 00:00:00+05:30,0.8883209791363811,103.3499984741211
MID150BEES.NS,2021-07-06 00:00:00+05:30,2.3469944923751873,103.3499984741211
MID150BEES.NS,2021-07-07 00:00:00+05:30,2.7016406083758104,104.54000091552734
MID150BEES.NS,2021-07-08 00:00:00+05:30,1.839347686388515,104.08999633789062
MID150BEES.NS,2021-07-09 00:00:00+05:30,2.18370120207787,104.3499984741211
MID150BEES.NS,2021-07-12 00:00:00+05:30,2.782148837094889,104.55000305175781
MID150BEES.NS,2021-07-13 00:00:00+05:30,2.3282994195045426,105.04000091552734
MID150BEES.NS,2021-07-14 00:00:00+05:30,2.291485250318437,105.3499984741211
MID150BEES.NS,2021-07-15 00:00:00+05:30,3.0670047605843243,105.5199966430664
MID150BEES.NS,2021-07-16 00:00:00+05:30,3.6217141803104758,106.72000122070312
MID150BEES.NS,2021-07-19 00:00:00+05:30,2.5636039071566863,105.62000274658203
MID150BEES.NS,2021-07-20 00:00:00+05:30,1.0158698196182536,104.41000366210938
MID150BEES.NS,2021-07-22 00:00:00+05:30,1.141751642571398,104.52999877929688
MID150BEES.NS,2021-07-23 00:00:00+05:30,1.761006020024225,105.16999816894531
MID150BEES.NS,2021-07-26 00:00:00+05:30,1.0330991214811291,105.62000274658203
MID150BEES.NS,2021-07-27 00:00:00+05:30,0.778177746648101,104.9000015258789
MID150BEES.NS,2021-07-28 00:00:00+05:30,1.0158171571522878,105.41000366210938
MID150BEES.NS,2021-07-29 00:00:00+05:30,0.6695331686366934,105.25
MID150BEES.NS,2021-07-30 00:00:00+05:30,1.361386417280963,106.47000122070312
MID150BEES.NS,2021-08-02 00:00:00+05:30,2.0408178044796443,107.5
MID150BEES.NS,2021-08-03 00:00:00+05:30,1.7911363525115798,107.41000366210938
MID150BEES.NS,2021-08-04 00:00:00+05:30,0.14055615082753103,106.87000274658203
MID150BEES.NS,2021-08-05 00:00:00+05:30,1.1550781666194165,106.83999633789062
MID150BEES.NS,2021-08-06 00:00:00+05:30,2.595535858079967,107.12000274658203
MID150BEES.NS,2021-08-09 00:00:00+05:30,1.444563430464263,106.04000091552734
MID150BEES.NS,2021-08-10 00:00:00+05:30,0.03803453097250831,105.20999908447266
MID150BEES.NS,2021-08-11 00:00:00+05:30,-1.4580580150355793,104.08000183105469
MID150BEES.NS,2021-08-12 00:00:00+05:30,0.12392492995902948,105.02999877929688
MID150BEES.NS,2021-08-13 00:00:00+05:30,0.42690155830431564,105.86000061035156
MID150BEES.NS,2021-08-16 00:00:00+05:30,-0.12351282985080259,105.12000274658203
MID150BEES.NS,2021-08-17 00:00:00+05:30,-1.2397855543252678,105.1500015258789
MID150BEES.NS,2021-08-18 00:00:00+05:30,-2.0279072606286364,105.31999969482422
MID150BEES.NS,2021-08-20 00:00:00+05:30,-3.0816544782931943,104.0999984741211
MID150BEES.NS,2021-08-23 00:00:00+05:30,-3.115936881700121,103.54000091552734
MID150BEES.NS,2021-08-24 00:00:00+05:30,-3.1074502139858184,103.5199966430664
MID150BEES.NS,2021-08-25 00:00:00+05:30,-2.7259202048825704,104.19999694824219
MID150BEES.NS,2021-08-26 00:00:00+05:30,-1.5937405005800875,104.3499984741211
MID150BEES.NS,2021-08-27 00:00:00+05:30,0.7318736614023713,105.9800033569336
MID150BEES.NS,2021-08-30 00:00:00+05:30,3.4973091137690204,107.72000122070312
MID150BEES.NS,2021-08-31 00:00:00+05:30,3.5037611615217568,108.70999908447266
MID150BEES.NS,2021-09-01 00:00:00+05:30,3.287356610121517,109.33999633789062
MID150BEES.NS,2021-09-02 00:00:00+05:30,5.194062920294384,110.58000183105469
MID150BEES.NS,2021-09-03 00:00:00+05:30,5.26866460783062,110.69000244140625
MID150BEES.NS,2021-09-06 00:00:00+05:30,5.639956759037257,111.26000213623047
MID150BEES.NS,2021-09-07 00:00:00+05:30,6.474541750781171,110.83999633789062
MID150BEES.NS,2021-09-08 00:00:00+05:30,6.886224831343157,110.66999816894531
MID150BEES.NS,2021-09-09 00:00:00+05:30,7.708658825065839,111.5
MID150BEES.NS,2021-09-13 00:00:00+05:30,7.696741369814619,112.22000122070312
MID150BEES.NS,2021-09-14 00:00:00+05:30,8.99856207662253,113.73999786376953
MID150BEES.NS,2021-09-15 00:00:00+05:30,8.275142824377578,114.75
MID150BEES.NS,2021-09-16 00:00:00+05:30,6.8046804195968535,115.05000305175781
MID150BEES.NS,2021-09-17 00:00:00+05:30,4.636188904399696,113.75
MID150BEES.NS,2021-09-20 00:00:00+05:30,2.3047415006979044,111.86000061035156
MID150BEES.NS,2021-09-21 00:00:00+05:30,1.1032747336783943,111.80000305175781
MID150BEES.NS,2021-09-22 00:00:00+05:30,2.990331091867038,114.0
MID150BEES.NS,2021-09-23 00:00:00+05:30,3.6670808226881624,115.33999633789062
MID150BEES.NS,2021-09-24 00:00:00+05:30,3.3110843735072004,114.51000213623047
MID150BEES.NS,2021-09-27 00:00:00+05:30,3.487847360816798,114.52999877929688
MID150BEES.NS,2021-09-28 00:00:00+05:30,2.0896877408562275,113.83000183105469
MID150BEES.NS,2021-09-29 00:00:00+05:30,1.782213489791884,114.22000122070312
MID150BEES.NS,2021-09-30 00:00:00+05:30,0.8528233153871856,114.70999908447266
MID150BEES.NS,2021-10-01 00:00:00+05:30,0.33115229056031037,115.12999725341797
MID150BEES.NS,2021-10-04 00:00:00+05:30,1.5558394077812787,116.83999633789062
MID150BEES.NS,2021-10-05 00:00:00+05:30,3.3934071299793978,117.61000061035156
MID150BEES.NS,2021-10-06 00:00:00+05:30,4.237437723856852,116.5999984741211
MID150BEES.NS,2021-10-07 00:00:00+05:30,6.171729613719257,118.69999694824219
MID150BEES.NS,2021-10-08 00:00:00+05:30,4.263158430132941,118.86000061035156
MID150BEES.NS,2021-10-11 00:00:00+05:30,3.450670611497242,119.31999969482422
MID150BEES.NS,2021-10-12 00:00:00+05:30,5.0126606904965065,120.25
MID150BEES.NS,2021-10-13 00:00:00+05:30,6.434997664484632,121.9000015258789
MID150BEES.NS,2021-10-14 00:00:00+05:30,7.713255414269482,122.61000061035156
MID150BEES.NS,2021-10-18 00:00:00+05:30,8.448609195190393,123.87000274658203
MID150BEES.NS,2021-10-19 00:00:00+05:30,6.032602409707466,121.62999725341797
MID150BEES.NS,2021-10-20 00:00:00+05:30,3.1269054020660603,118.7300033569336
MID150BEES.NS,2021-10-21 00:00:00+05:30,0.9414636579878843,117.94000244140625
MID150BEES.NS,2021-10-22 00:00:00+05:30,-0.38261792866837174,117.16000366210938
MID150BEES.NS,2021-10-25 00:00:00+05:30,-0.8576329443279906,115.5999984741211
MID150BEES.NS,2021-10-26 00:00:00+05:30,-1.5248505519195432,116.88999938964844
MID150BEES.NS,2021-10-27 00:00:00+05:30,-1.346120196790368,117.26000213623047
MID150BEES.NS,2021-10-28 00:00:00+05:30,-3.134426645436672,115.58000183105469
MID150BEES.NS,2021-10-29 00:00:00+05:30,-3.783786321628113,115.69999694824219
MID150BEES.NS,2021-11-01 00:00:00+05:30,-4.18375587389831,116.80000305175781
MID150BEES.NS,2021-11-02 00:00:00+05:30,-3.3602501639937166,118.48999786376953
MID150BEES.NS,2021-11-03 00:00:00+05:30,-4.561234682006021,118.22000122070312
MID150BEES.NS,2021-11-04 00:00:00+05:30,-2.1129653480708277,119.05999755859375
MID150BEES.NS,2021-11-08 00:00:00+05:30,1.297054866159808,120.2699966430664
MID150BEES.NS,2021-11-09 00:00:00+05:30,3.171102074232701,121.68000030517578
MID150BEES.NS,2021-11-10 00:00:00+05:30,3.5250914342141115,121.29000091552734
MID150BEES.NS,2021-11-11 00:00:00+05:30,3.927336483956534,120.13999938964844
MID150BEES.NS,2021-11-12 00:00:00+05:30,3.6273401368030367,121.12999725341797
MID150BEES.NS,2021-11-15 00:00:00+05:30,3.3174137120764335,121.1500015258789
MID150BEES.NS,2021-11-16 00:00:00+05:30,4.914345228578854,121.26000213623047
MID150BEES.NS,2021-11-17 00:00:00+05:30,4.459813135879065,120.86000061035156
MID150BEES.NS,2021-11-18 00:00:00+05:30,1.883558981815514,119.0
MID150BEES.NS,2021-11-22 00:00:00+05:30,-2.2617945425714603,115.80999755859375
MID150BEES.NS,2021-11-23 00:00:00+05:30,-0.5582842626411622,117.55999755859375
MID150BEES.NS,2021-11-24 00:00:00+05:30,-1.6378271360895313,117.11000061035156
MID150BEES.NS,2021-11-25 00:00:00+05:30,-2.0869664728477733,117.76000213623047
MID150BEES.NS,2021-11-26 00:00:00+05:30,-6.07330651800968,114.29000091552734
MID150BEES.NS,2021-11-29 00:00:00+05:30,-6.735920609511181,113.12000274658203
MID150BEES.NS,2021-11-30 00:00:00+05:30,-4.811052778975533,114.36000061035156
MID150BEES.NS,2021-12-01 00:00:00+05:30,-5.646822829179598,114.29000091552734
MID150BEES.NS,2021-12-02 00:00:00+05:30,-4.325214855775473,115.91000366210938
MID150BEES.NS,2021-12-03 00:00:00+05:30,-4.073892754724151,116.31999969482422
MID150BEES.NS,2021-12-06 00:00:00+05:30,-5.088533422820585,114.70999908447266
MID150BEES.NS,2021-12-07 00:00:00+05:30,-2.470590286896013,116.05999755859375
MID150BEES.NS,2021-12-08 00:00:00+05:30,1.5197324698500214,117.56999969482422
MID150BEES.NS,2021-12-09 00:00:00+05:30,0.36577093748362266,117.98999786376953
MID150BEES.NS,2021-12-10 00:00:00+05:30,1.7504935881424766,119.16000366210938
MID150BEES.NS,2021-12-13 00:00:00+05:30,1.2992516572196466,119.29000091552734
MID150BEES.NS,2021-12-14 00:00:00+05:30,4.024847700824674,118.88999938964844
MID150BEES.NS,2021-12-15 00:00:00+05:30,4.6057275088159155,118.33000183105469
MID150BEES.NS,2021-12-16 00:00:00+05:30,2.7282290398130904,117.4800033569336
MID150BEES.NS,2021-12-17 00:00:00+05:30,0.27998923113206065,114.61000061035156
MID150BEES.NS,2021-12-20 00:00:00+05:30,-4.063503205122299,111.19999694824219
MID150BEES.NS,2021-12-21 00:00:00+05:30,-3.2496550801358604,112.54000091552734
MID150BEES.NS,2021-12-22 00:00:00+05:30,-0.8543245884060968,113.7300033569336
MID150BEES.NS,2021-12-23 00:00:00+05:30,-0.8271575949224008,115.0999984741211
MID150BEES.NS,2021-12-24 00:00:00+05:30,-2.959941622834583,114.08999633789062
MID150BEES.NS,2021-12-27 00:00:00+05:30,-3.017202833331767,114.43000030517578
MID150BEES.NS,2021-12-28 00:00:00+05:30,-3.365224918590337,115.1500015258789
MID150BEES.NS,2021-12-29 00:00:00+05:30,-2.8166657595474986,115.93000030517578
MID150BEES.NS,2021-12-30 00:00:00+05:30,-2.523340916310246,115.88999938964844
MID150BEES.NS,2021-12-31 00:00:00+05:30,-1.0056641789841891,117.13999938964844
MID150BEES.NS,2022-01-03 00:00:00+05:30,0.9448356735099805,118.58999633789062
MID150BEES.NS,2022-01-04 00:00:00+05:30,3.6733261164404896,118.81999969482422
MID150BEES.NS,2022-01-05 00:00:00+05:30,6.681655134068087,118.62999725341797
MID150BEES.NS,2022-01-06 00:00:00+05:30,5.482493441222314,118.70999908447266
MID150BEES.NS,2022-01-07 00:00:00+05:30,4.818425715103936,119.20999908447266
MID150BEES.NS,2022-01-10 00:00:00+05:30,3.979150210053617,119.68000030517578
MID150BEES.NS,2022-01-11 00:00:00+05:30,5.127536410983979,119.94000244140625
MID150BEES.NS,2022-01-12 00:00:00+05:30,5.74150107253566,121.0
MID150BEES.NS,2022-01-13 00:00:00+05:30,5.722966782948391,121.73999786376953
MID150BEES.NS,2022-01-14 00:00:00+05:30,5.235917949491475,122.0
MID150BEES.NS,2022-01-17 00:00:00+05:30,5.375790309556305,122.12000274658203
MID150BEES.NS,2022-01-18 00:00:00+05:30,2.637872616856285,120.2300033569336
MID150BEES.NS,2022-01-19 00:00:00+05:30,0.9781631654699252,119.75
MID150BEES.NS,2022-01-20 00:00:00+05:30,0.3787215531038113,119.2699966430664
MID150BEES.NS,2022-01-21 00:00:00+05:30,-1.1211280725388684,117.30000305175781
MID150BEES.NS,2022-01-24 00:00:00+05:30,-4.430968053910533,113.44999694824219
MID150BEES.NS,2022-01-25 00:00:00+05:30,-4.31171833665246,114.06999969482422
MID150BEES.NS,2022-01-27 00:00:00+05:30,-5.765375591815158,112.77999877929688
MID150BEES.NS,2022-01-28 00:00:00+05:30,-4.8190750889141825,114.16000366210938
MID150BEES.NS,2022-01-31 00:00:00+05:30,-4.628097912496775,115.4000015258789
MID150BEES.NS,2022-02-01 00:00:00+05:30,-3.4006895533883696,117.5999984741211
MID150BEES.NS,2022-02-02 00:00:00+05:30,-2.8852431500544284,118.4800033569336
MID150BEES.NS,2022-02-03 00:00:00+05:30,-3.9796925164150343,117.26000213623047
MID150BEES.NS,2022-02-04 00:00:00+05:30,-3.1107089650999176,116.48999786376953
MID150BEES.NS,2022-02-07 00:00:00+05:30,-3.4739070247259862,115.58999633789062
MID150BEES.NS,2022-02-08 00:00:00+05:30,-3.9657884301735113,114.54000091552734
MID150BEES.NS,2022-02-09 00:00:00+05:30,-1.3384481278585048,115.7300033569336
MID150BEES.NS,2022-02-10 00:00:00+05:30,2.2653149087317193,116.0199966430664
MID150BEES.NS,2022-02-11 00:00:00+05:30,-0.10520097037176601,113.94999694824219
MID150BEES.NS,2022-02-15 00:00:00+05:30,-0.993079561367316,111.66000366210938
MID150BEES.NS,2022-02-16 00:00:00+05:30,-2.251232692515892,111.58999633789062
MID150BEES.NS,2022-02-17 00:00:00+05:30,-3.4575370979304187,111.41000366210938
MID150BEES.NS,2022-02-18 00:00:00+05:30,-5.637752839662625,110.97000122070312
MID150BEES.NS,2022-02-21 00:00:00+05:30,-7.233287856184633,109.91000366210938
MID150BEES.NS,2022-02-22 00:00:00+05:30,-7.120926421628592,108.91000366210938
MID150BEES.NS,2022-02-23 00:00:00+05:30,-6.781699434072996,108.58999633789062
MID150BEES.NS,2022-02-24 00:00:00+05:30,-10.381521221716984,103.58999633789062
MID150BEES.NS,2022-02-25 00:00:00+05:30,-6.478084607680001,107.12000274658203
MID150BEES.NS,2022-02-28 00:00:00+05:30,-6.567014501914203,108.12999725341797
MID150BEES.NS,2022-03-02 00:00:00+05:30,-6.938455141598531,107.97000122070312
MID150BEES.NS,2022-03-03 00:00:00+05:30,-5.484861928376217,107.69999694824219
MID150BEES.NS,2022-03-04 00:00:00+05:30,-5.5704827303474485,105.44000244140625
MID150BEES.NS,2022-03-07 00:00:00+05:30,-7.052599135640647,103.72000122070312
MID150BEES.NS,2022-03-08 00:00:00+05:30,-6.471597232627424,104.19999694824219
MID150BEES.NS,2022-03-09 00:00:00+05:30,-4.190323037512389,106.31999969482422
MID150BEES.NS,2022-03-10 00:00:00+05:30,-2.238200920664013,107.44999694824219
MID150BEES.NS,2022-03-11 00:00:00+05:30,-0.7988272126784546,108.04000091552734
MID150BEES.NS,2022-03-14 00:00:00+05:30,-0.3959781658370076,108.16000366210938
MID150BEES.NS,2022-03-15 00:00:00+05:30,3.6200406724296252,107.33999633789062
MID150BEES.NS,2022-03-16 00:00:00+05:30,1.9510794289606226,109.20999908447266
MID150BEES.NS,2022-03-17 00:00:00+05:30,2.275038515637151,110.58999633789062
MID150BEES.NS,2022-03-21 00:00:00+05:30,2.0005520128684395,110.12999725341797
MID150BEES.NS,2022-03-22 00:00:00+05:30,2.6369582616144305,110.54000091552734
MID150BEES.NS,2022-03-23 00:00:00+05:30,4.893774576287857,110.5999984741211
MID150BEES.NS,2022-03-24 00:00:00+05:30,7.607018219040995,111.61000061035156
MID150BEES.NS,2022-03-25 00:00:00+05:30,7.0633405239036495,111.55999755859375
MID150BEES.NS,2022-03-28 00:00:00+05:30,4.72159204051501,111.33999633789062
MID150BEES.NS,2022-03-29 00:00:00+05:30,4.187994534953421,111.94999694824219
MID150BEES.NS,2022-03-30 00:00:00+05:30,4.442794688715557,112.83999633789062
MID150BEES.NS,2022-03-31 00:00:00+05:30,4.881655510840699,113.44000244140625
MID150BEES.NS,2022-04-01 00:00:00+05:30,6.1859579332769865,113.9800033569336
MID150BEES.NS,2022-04-04 00:00:00+05:30,5.997622110308298,115.76000213623047
MID150BEES.NS,2022-04-05 00:00:00+05:30,6.175967137377114,117.41999816894531
MID150BEES.NS,2022-04-06 00:00:00+05:30,7.028062913098676,117.87000274658203
MID150BEES.NS,2022-04-07 00:00:00+05:30,5.952597952376548,117.12000274658203
MID150BEES.NS,2022-04-08 00:00:00+05:30,6.790237106547248,118.11000061035156
MID150BEES.NS,2022-04-11 00:00:00+05:30,6.773584371697039,119.16999816894531
MID150BEES.NS,2022-04-12 00:00:00+05:30,5.252779435813237,117.41999816894531
MID150BEES.NS,2022-04-13 00:00:00+05:30,5.155385020621428,117.08000183105469
MID150BEES.NS,2022-04-18 00:00:00+05:30,3.778475633982592,116.18000030517578
MID150BEES.NS,2022-04-19 00:00:00+05:30,1.1166272395627175,114.0999984741211
MID150BEES.NS,2022-04-20 00:00:00+05:30,1.5250314618360905,115.16999816894531
MID150BEES.NS,2022-04-21 00:00:00+05:30,1.5879957056376348,115.79000091552734
MID150BEES.NS,2022-04-22 00:00:00+05:30,-0.2937145482124537,115.41999816894531
MID150BEES.NS,2022-04-25 00:00:00+05:30,-3.398056486109524,113.43000030517578
MID150BEES.NS,2022-04-26 00:00:00+05:30,-2.367015229078928,115.08000183105469
MID150BEES.NS,2022-04-27 00:00:00+05:30,-2.979854347096922,113.62999725341797
MID150BEES.NS,2022-04-28 00:00:00+05:30,-3.403610406982427,114.08999633789062
MID150BEES.NS,2022-04-29 00:00:00+05:30,-4.17051380134893,114.19999694824219
MID150BEES.NS,2022-05-04 00:00:00+05:30,-5.544195714829836,110.91000366210938
MID150BEES.NS,2022-05-05 00:00:00+05:30,-5.0734560544144935,111.13999938964844
MID150BEES.NS,2022-05-06 00:00:00+05:30,-6.128423763022517,109.05999755859375
MID150BEES.NS,2022-05-09 00:00:00+05:30,-5.679225078174543,107.62000274658203
MID150BEES.NS,2022-05-10 00:00:00+05:30,-8.30945545452365,105.5999984741211
MID150BEES.NS,2022-05-11 00:00:00+05:30,-9.741772769762747,104.51000213623047
MID150BEES.NS,2022-05-12 00:00:00+05:30,-11.410499374352623,102.25
MID150BEES.NS,2022-05-13 00:00:00+05:30,-8.710215310620207,103.55000305175781
MID150BEES.NS,2022-05-16 00:00:00+05:30,-9.115402612318436,104.58999633789062
MID150BEES.NS,2022-05-17 00:00:00+05:30,-5.6323101744085164,107.2300033569336
MID150BEES.NS,2022-05-18 00:00:00+05:30,-6.678933615371507,106.47000122070312
MID150BEES.NS,2022-05-19 00:00:00+05:30,-8.581432297940294,104.4000015258789
MID150BEES.NS,2022-05-20 00:00:00+05:30,-4.066361903629834,106.4000015258789
MID150BEES.NS,2022-05-23 00:00:00+05:30,-5.1916471790117935,105.37000274658203
MID150BEES.NS,2022-05-24 00:00:00+05:30,-3.383453965354466,105.37000274658203
MID150BEES.NS,2022-05-25 00:00:00+05:30,-4.385802917899506,102.9000015258789
MID150BEES.NS,2022-05-26 00:00:00+05:30,-1.4583342213823514,104.05999755859375
MID150BEES.NS,2022-05-27 00:00:00+05:30,0.8324515351683326,105.37999725341797
MID150BEES.NS,2022-05-30 00:00:00+05:30,5.486553164158003,107.86000061035156
MID150BEES.NS,2022-05-31 00:00:00+05:30,4.2684674444056325,107.97000122070312
MID150BEES.NS,2022-06-01 00:00:00+05:30,3.585428942826585,108.33999633789062
MID150BEES.NS,2022-06-02 00:00:00+05:30,1.436158946117616,108.7699966430664
MID150BEES.NS,2022-06-03 00:00:00+05:30,0.8265213142937933,107.3499984741211
MID150BEES.NS,2022-06-06 00:00:00+05:30,2.605365115850966,107.12000274658203
MID150BEES.NS,2022-06-07 00:00:00+05:30,-0.4417304642508002,105.93000030517578
MID150BEES.NS,2022-06-08 00:00:00+05:30,0.4745183514918594,105.87000274658203
MID150BEES.NS,2022-06-09 00:00:00+05:30,0.8541272402249778,106.2699966430664
MID150BEES.NS,2022-06-10 00:00:00+05:30,2.691930614179605,105.66999816894531
MID150BEES.NS,2022-06-13 00:00:00+05:30,-1.1435660579769524,102.87000274658203
MID150BEES.NS,2022-06-14 00:00:00+05:30,-2.723472378050773,102.51000213623047
MID150BEES.NS,2022-06-15 00:00:00+05:30,-4.607826063952514,102.88999938964844
MID150BEES.NS,2022-06-16 00:00:00+05:30,-6.798188278502792,100.62999725341797
MID150BEES.NS,2022-06-17 00:00:00+05:30,-8.233338075003838,99.41999816894531
MID150BEES.NS,2022-06-20 00:00:00+05:30,-10.296954393586566,97.56999969482422
MID150BEES.NS,2022-06-21 00:00:00+05:30,-6.446202391529166,100.43000030517578
MID150BEES.NS,2022-06-22 00:00:00+05:30,-7.477597022826865,99.11000061035156
MID150BEES.NS,2022-06-23 00:00:00+05:30,-5.475316751674198,100.12999725341797
MID150BEES.NS,2022-06-24 00:00:00+05:30,-3.976574076936612,101.66000366210938
MID150BEES.NS,2022-06-27 00:00:00+05:30,-3.3781842959386688,102.68000030517578
MID150BEES.NS,2022-06-28 00:00:00+05:30,-2.6024416084528545,102.91999816894531
MID150BEES.NS,2022-06-29 00:00:00+05:30,-0.11665475199573727,102.75
MID150BEES.NS,2022-06-30 00:00:00+05:30,-0.17559291915394404,102.33000183105469
MID150BEES.NS,2022-07-01 00:00:00+05:30,-0.22353555146604753,102.66000366210938
MID150BEES.NS,2022-07-04 00:00:00+05:30,2.3054752639829035,102.94999694824219
MID150BEES.NS,2022-07-05 00:00:00+05:30,3.791997929887847,103.19000244140625
MID150BEES.NS,2022-07-06 00:00:00+05:30,7.379314308457596,104.7699966430664
MID150BEES.NS,2022-07-07 00:00:00+05:30,5.914569773331091,106.37000274658203
MID150BEES.NS,2022-07-08 00:00:00+05:30,7.436184745429486,106.4800033569336
MID150BEES.NS,2022-07-11 00:00:00+05:30,7.5901391311145705,107.7300033569336
MID150BEES.NS,2022-07-12 00:00:00+05:30,5.400351825696181,107.1500015258789
MID150BEES.NS,2022-07-13 00:00:00+05:30,4.324116116293442,107.12000274658203
MID150BEES.NS,2022-07-14 00:00:00+05:30,4.051688926480712,107.08999633789062
MID150BEES.NS,2022-07-15 00:00:00+05:30,4.768857932728854,107.6500015258789
MID150BEES.NS,2022-07-18 00:00:00+05:30,7.075146813465971,109.56999969482422
MID150BEES.NS,2022-07-19 00:00:00+05:30,7.256961506413706,110.11000061035156
MID150BEES.NS,2022-07-20 00:00:00+05:30,6.731423516855295,109.87999725341797
MID150BEES.NS,2022-07-21 00:00:00+05:30,8.101560628510086,111.55000305175781
MID150BEES.NS,2022-07-22 00:00:00+05:30,6.719481856538989,111.80999755859375
MID150BEES.NS,2022-07-25 00:00:00+05:30,4.954401153511068,111.63999938964844
MID150BEES.NS,2022-07-26 00:00:00+05:30,4.00074602980236,110.73999786376953
MID150BEES.NS,2022-07-27 00:00:00+05:30,3.4902017912115335,111.48999786376953
MID150BEES.NS,2022-07-28 00:00:00+05:30,4.806347599197247,112.30000305175781
MID150BEES.NS,2022-07-29 00:00:00+05:30,6.460042934573318,114.04000091552734
MID150BEES.NS,2022-08-01 00:00:00+05:30,8.086659779859652,115.75
MID150BEES.NS,2022-08-02 00:00:00+05:30,7.88666766690993,116.13999938964844
MID150BEES.NS,2022-08-03 00:00:00+05:30,5.037872281136058,115.08999633789062
MID150BEES.NS,2022-08-04 00:00:00+05:30,5.449096327982339,116.11000061035156
MID150BEES.NS,2022-08-05 00:00:00+05:30,5.824537391567719,116.27999877929688
MID150BEES.NS,2022-08-08 00:00:00+05:30,4.598832015305021,116.68000030517578
MID150BEES.NS,2022-08-10 00:00:00+05:30,4.257224076707455,116.56999969482422
MID150BEES.NS,2022-08-11 00:00:00+05:30,5.320675809639086,117.58000183105469
MID150BEES.NS,2022-08-12 00:00:00+05:30,6.853895714014957,118.33000183105469
MID150BEES.NS,2022-08-16 00:00:00+05:30,7.4625525645722,119.80999755859375
MID150BEES.NS,2022-08-17 00:00:00+05:30,7.088155715190836,120.26000213623047
MID150BEES.NS,2022-08-18 00:00:00+05:30,5.962816001203142,120.83999633789062
MID150BEES.NS,2022-08-19 00:00:00+05:30,3.0755918432775475,119.30999755859375
MID150BEES.NS,2022-08-22 00:00:00+05:30,0.9299137564408699,117.22000122070312
MID150BEES.NS,2022-08-23 00:00:00+05:30,2.6761681545389715,118.16999816894531
MID150BEES.NS,2022-08-24 00:00:00+05:30,2.0928432455448176,118.54000091552734
MID150BEES.NS,2022-08-25 00:00:00+05:30,2.588581155684011,119.29000091552734
MID150BEES.NS,2022-08-26 00:00:00+05:30,2.553996699639538,119.66000366210938
MID150BEES.NS,2022-08-29 00:00:00+05:30,1.8787015931539752,118.76000213623047
MID150BEES.NS,2022-08-30 00:00:00+05:30,2.8491226585746654,120.93000030517578
MID150BEES.NS,2022-09-01 00:00:00+05:30,2.467673560179895,121.25
MID150BEES.NS,2022-09-02 00:00:00+05:30,1.0934022324369241,121.12000274658203
MID150BEES.NS,2022-09-05 00:00:00+05:30,1.2722424348235783,121.79000091552734
MID150BEES.NS,2022-09-06 00:00:00+05:30,1.0675280988260427,122.12999725341797
MID150BEES.NS,2022-09-07 00:00:00+05:30,2.983828062053173,122.87000274658203
MID150BEES.NS,2022-09-08 00:00:00+05:30,5.075922953659995,123.16999816894531
MID150BEES.NS,2022-09-09 00:00:00+05:30,4.6458539208193095,123.66000366210938
MID150BEES.NS,2022-09-12 00:00:00+05:30,5.137503197954607,124.62999725341797
MID150BEES.NS,2022-09-13 00:00:00+05:30,4.744736347787315,124.94999694824219
MID150BEES.NS,2022-09-14 00:00:00+05:30,4.128359235188617,124.5999984741211
MID150BEES.NS,2022-09-15 00:00:00+05:30,5.574263218346576,125.37999725341797
MID150BEES.NS,2022-09-16 00:00:00+05:30,0.8848091392739565,122.0
MID150BEES.NS,2022-09-19 00:00:00+05:30,0.6185567010309256,122.0
MID150BEES.NS,2022-09-20 00:00:00+05:30,2.154888169720759,123.7300033569336
MID150BEES.NS,2022-09-21 00:00:00+05:30,0.9442495420264763,122.94000244140625
MID150BEES.NS,2022-09-22 00:00:00+05:30,1.0071263281709264,123.36000061035156
MID150BEES.NS,2022-09-23 00:00:00+05:30,-1.310328456386678,121.26000213623047
MID150BEES.NS,2022-09-26 00:00:00+05:30,-4.700820818057927,117.37999725341797
MID150BEES.NS,2022-09-27 00:00:00+05:30,-5.377649465424151,117.01000213623047
MID150BEES.NS,2022-09-28 00:00:00+05:30,-6.330738637187972,116.73999786376953
MID150BEES.NS,2022-09-29 00:00:00+05:30,-6.066422078265443,117.37000274658203
MID150BEES.NS,2022-09-30 00:00:00+05:30,-4.478332182494871,119.0199966430664
MID150BEES.NS,2022-10-03 00:00:00+05:30,-6.484285716632787,117.25
MID150BEES.NS,2022-10-04 00:00:00+05:30,-1.2868849957575534,120.43000030517578
MID150BEES.NS,2022-10-06 00:00:00+05:30,-0.5409866082863757,121.33999633789062
MID150BEES.NS,2022-10-07 00:00:00+05:30,-1.6406743341267793,121.69999694824219
MID150BEES.NS,2022-10-10 00:00:00+05:30,-2.1148576963424093,120.33999633789062
MID150BEES.NS,2022-10-11 00:00:00+05:30,-3.7370303076706746,118.75
MID150BEES.NS,2022-10-12 00:00:00+05:30,-1.632857761876949,119.27999877929688
MID150BEES.NS,2022-10-13 00:00:00+05:30,1.0138034326556467,118.56999969482422
MID150BEES.NS,2022-10-14 00:00:00+05:30,1.299031377930171,118.52999877929688
MID150BEES.NS,2022-10-17 00:00:00+05:30,1.670382570943918,118.69000244140625
MID150BEES.NS,2022-10-18 00:00:00+05:30,2.1640971765260586,119.91000366210938
MID150BEES.NS,2022-10-19 00:00:00+05:30,0.814990126081172,119.98999786376953
MID150BEES.NS,2022-10-20 00:00:00+05:30,2.0127936975279814,119.61000061035156
MID150BEES.NS,2022-10-21 00:00:00+05:30,-1.1791066722137034,119.01000213623047
MID150BEES.NS,2022-10-24 00:00:00+05:30,-0.535679838554115,120.69000244140625
MID150BEES.NS,2022-10-25 00:00:00+05:30,-1.5940795896952853,119.76000213623047
MID150BEES.NS,2022-10-27 00:00:00+05:30,0.1495764589109383,120.5199966430664
MID150BEES.NS,2022-10-28 00:00:00+05:30,0.8673673930921,119.77999877929688
MID150BEES.NS,2022-10-31 00:00:00+05:30,1.1317894768082537,120.62999725341797
MID150BEES.NS,2022-11-01 00:00:00+05:30,3.0952164783597524,122.23999786376953
MID150BEES.NS,2022-11-02 00:00:00+05:30,3.146885510290831,122.26000213623047
MID150BEES.NS,2022-11-03 00:00:00+05:30,2.856179391623126,122.08000183105469
MID150BEES.NS,2022-11-04 00:00:00+05:30,3.9613041905868673,124.66000366210938
MID150BEES.NS,2022-11-07 00:00:00+05:30,2.800233911301775,123.3499984741211
MID150BEES.NS,2022-11-09 00:00:00+05:30,2.190454588422841,122.2300033569336
MID150BEES.NS,2022-11-10 00:00:00+05:30,2.1174662615178974,121.52999877929688
MID150BEES.NS,2022-11-11 00:00:00+05:30,0.6379953827909013,121.45999908447266
MID150BEES.NS,2022-11-14 00:00:00+05:30,1.4863048994204986,121.54000091552734
MID150BEES.NS,2022-11-15 00:00:00+05:30,0.8048467040501883,121.48999786376953
MID150BEES.NS,2022-11-16 00:00:00+05:30,0.5593573015306497,120.44999694824219
MID150BEES.NS,2022-11-17 00:00:00+05:30,-0.4476506074960085,120.08999633789062
MID150BEES.NS,2022-11-18 00:00:00+05:30,-2.1269621396906913,119.63999938964844
MID150BEES.NS,2022-11-21 00:00:00+05:30,-2.0611845480363877,119.73999786376953
MID150BEES.NS,2022-11-22 00:00:00+05:30,-1.9249659558272514,119.7300033569336
MID150BEES.NS,2022-11-23 00:00:00+05:30,-3.561689644611965,120.22000122070312
MID150BEES.NS,2022-11-24 00:00:00+05:30,-2.148359593563254,120.69999694824219
MID150BEES.NS,2022-11-25 00:00:00+05:30,-0.09817781500962575,122.11000061035156
MID150BEES.NS,2022-11-28 00:00:00+05:30,0.7076447124082952,122.38999938964844
MID150BEES.NS,2022-11-29 00:00:00+05:30,0.5104583823937192,122.08000183105469
MID150BEES.NS,2022-11-30 00:00:00+05:30,1.5468135916212544,123.41999816894531
MID150BEES.NS,2022-12-01 00:00:00+05:30,2.452879586248047,124.47000122070312
MID150BEES.NS,2022-12-02 00:00:00+05:30,3.9767547006129167,125.23999786376953
MID150BEES.NS,2022-12-05 00:00:00+05:30,4.6465167800942675,125.66999816894531
MID150BEES.NS,2022-12-06 00:00:00+05:30,4.12905588984287,124.58000183105469
MID150BEES.NS,2022-12-07 00:00:00+05:30,3.7915491870081697,124.27999877929688
MID150BEES.NS,2022-12-08 00:00:00+05:30,4.059127073160296,124.58999633789062
MID150BEES.NS,2022-12-09 00:00:00+05:30,3.4020930763277057,124.30999755859375
MID150BEES.NS,2022-12-12 00:00:00+05:30,3.5294136238107843,124.95999908447266
MID150BEES.NS,2022-12-13 00:00:00+05:30,2.661534668540888,125.36000061035156
MID150BEES.NS,2022-12-14 00:00:00+05:30,2.9005662794848064,125.94000244140625
MID150BEES.NS,2022-12-15 00:00:00+05:30,2.350913396249177,124.94999694824219
MID150BEES.NS,2022-12-16 00:00:00+05:30,-0.06482080071430474,123.33999633789062
MID150BEES.NS,2022-12-19 00:00:00+05:30,-0.5061499772105016,123.83999633789062
MID150BEES.NS,2022-12-20 00:00:00+05:30,-1.3014989469985472,123.61000061035156
MID150BEES.NS,2022-12-21 00:00:00+05:30,-3.151109367527005,121.70999908447266
MID150BEES.NS,2022-12-22 00:00:00+05:30,-3.1224910358596203,120.69000244140625
MID150BEES.NS,2022-12-23 00:00:00+05:30,-6.356615387410935,116.37999725341797
MID150BEES.NS,2022-12-26 00:00:00+05:30,-4.839873951792562,118.55999755859375
MID150BEES.NS,2022-12-27 00:00:00+05:30,-3.2660265773716723,120.25
MID150BEES.NS,2022-12-28 00:00:00+05:30,-3.625159100901243,120.43000030517578
MID150BEES.NS,2022-12-29 00:00:00+05:30,-3.454053773111687,121.02999877929688
MID150BEES.NS,2022-12-30 00:00:00+05:30,-3.5731299926674454,121.44000244140625
MID150BEES.NS,2023-01-02 00:00:00+05:30,-2.432967875455061,121.91000366210938
MID150BEES.NS,2023-01-03 00:00:00+05:30,-0.518890391317306,122.69999694824219
MID150BEES.NS,2023-01-04 00:00:00+05:30,-1.9783567673544722,121.38999938964844
MID150BEES.NS,2023-01-05 00:00:00+05:30,-1.5613625885009141,121.68000030517578
MID150BEES.NS,2023-01-06 00:00:00+05:30,-0.4354603428507353,121.18000030517578
MID150BEES.NS,2023-01-09 00:00:00+05:30,1.0937108858416478,122.01000213623047
MID150BEES.NS,2023-01-10 00:00:00+05:30,4.141604922303488,121.19999694824219
MID150BEES.NS,2023-01-11 00:00:00+05:30,2.2182902639760194,121.19000244140625
MID150BEES.NS,2023-01-12 00:00:00+05:30,0.5654888192730079,120.93000030517578
MID150BEES.NS,2023-01-13 00:00:00+05:30,0.3736585129136216,120.87999725341797
MID150BEES.NS,2023-01-16 00:00:00+05:30,-0.32223365577290775,120.63999938964844
MID150BEES.NS,2023-01-17 00:00:00+05:30,-1.0210848717352006,120.19999694824219
MID150BEES.NS,2023-01-18 00:00:00+05:30,-1.0581583764879277,120.62000274658203
MID150BEES.NS,2023-01-19 00:00:00+05:30,-1.4425400872772887,120.93000030517578
MID150BEES.NS,2023-01-20 00:00:00+05:30,-1.0956436590674357,120.05999755859375
MID150BEES.NS,2023-01-23 00:00:00+05:30,-1.1341200279067265,120.30000305175781
MID150BEES.NS,2023-01-24 00:00:00+05:30,-1.081034457249297,119.87000274658203
MID150BEES.NS,2023-01-25 00:00:00+05:30,-2.868617276223029,118.51000213623047
MID150BEES.NS,2023-01-27 00:00:00+05:30,-2.6072575183845093,118.04000091552734
MID150BEES.NS,2023-01-30 00:00:00+05:30,-3.3418623402668324,117.13999938964844
MID150BEES.NS,2023-01-31 00:00:00+05:30,-2.050775945319705,118.44999694824219
MID150BEES.NS,2023-02-01 00:00:00+05:30,-2.630708452539998,117.69999694824219
MID150BEES.NS,2023-02-02 00:00:00+05:30,-2.3623992776359737,117.79000091552734
MID150BEES.NS,2023-02-03 00:00:00+05:30,-2.1131392268059046,117.66000366210938
MID150BEES.NS,2023-02-06 00:00:00+05:30,-1.6249370252382933,118.66000366210938
MID150BEES.NS,2023-02-07 00:00:00+05:30,-2.0094271884920967,118.5
MID150BEES.NS,2023-02-08 00:00:00+05:30,-0.2748577447697409,119.7300033569336
MID150BEES.NS,2023-02-09 00:00:00+05:30,-0.41562758712888614,119.80000305175781
MID150BEES.NS,2023-02-10 00:00:00+05:30,0.1167926807713604,120.01000213623047
MID150BEES.NS,2023-02-13 00:00:00+05:30,0.016873380057336185,118.52999877929688
MID150BEES.NS,2023-02-14 00:00:00+05:30,0.16096445267077542,118.2300033569336
MID150BEES.NS,2023-02-15 00:00:00+05:30,1.0073419082500479,118.31999969482422
MID150BEES.NS,2023-02-16 00:00:00+05:30,0.6162966447796236,119.18000030517578
MID150BEES.NS,2023-02-17 00:00:00+05:30,0.38233185157565686,118.1500015258789
MID150BEES.NS,2023-02-20 00:00:00+05:30,0.8065174809901432,118.73999786376953
MID150BEES.NS,2023-02-21 00:00:00+05:30,0.5439396309100619,118.30000305175781
MID150BEES.NS,2023-02-22 00:00:00+05:30,-1.053429935464556,117.41000366210938
MID150BEES.NS,2023-02-23 00:00:00+05:30,-1.2911382103771074,116.97000122070312
MID150BEES.NS,2023-02-24 00:00:00+05:30,-2.580810056501359,116.63999938964844
MID150BEES.NS,2023-02-27 00:00:00+05:30,-3.2888166452750722,115.86000061035156
MID150BEES.NS,2023-02-28 00:00:00+05:30,-2.849767300610151,116.58999633789062
MID150BEES.NS,2023-03-01 00:00:00+05:30,-0.15186054756564094,118.3499984741211
MID150BEES.NS,2023-03-02 00:00:00+05:30,-0.4144510523989009,117.73999786376953
MID150BEES.NS,2023-03-03 00:00:00+05:30,0.20283795164683927,118.55999755859375
MID150BEES.NS,2023-03-06 00:00:00+05:30,0.20976673884867125,119.43000030517578
MID150BEES.NS,2023-03-08 00:00:00+05:30,1.1680044313124194,119.52999877929688
MID150BEES.NS,2023-03-09 00:00:00+05:30,0.4631994792427374,119.29000091552734
MID150BEES.NS,2023-03-10 00:00:00+05:30,0.01690333267163613,118.31999969482422
MID150BEES.NS,2023-03-13 00:00:00+05:30,-1.0050253542037813,116.2300033569336
MID150BEES.NS,2023-03-14 00:00:00+05:30,-0.9746083420974272,115.83000183105469
MID150BEES.NS,2023-03-15 00:00:00+05:30,-0.7458871323170135,115.7699966430664
MID150BEES.NS,2023-03-16 00:00:00+05:30,-1.0616289922785516,114.62999725341797
MID150BEES.NS,2023-03-17 00:00:00+05:30,-0.42027436243282645,116.0999984741211
MID150BEES.NS,2023-03-20 00:00:00+05:30,-2.8559334997854346,114.97000122070312
MID150BEES.NS,2023-03-21 00:00:00+05:30,-1.7156418207206259,115.72000122070312
MID150BEES.NS,2023-03-22 00:00:00+05:30,-2.091764320687861,116.08000183105469
MID150BEES.NS,2023-03-23 00:00:00+05:30,-3.2403941528034275,115.55999755859375
MID150BEES.NS,2023-03-24 00:00:00+05:30,-4.4173001198184565,114.25
MID150BEES.NS,2023-03-27 00:00:00+05:30,-4.560317209871156,113.8499984741211
MID150BEES.NS,2023-03-28 00:00:00+05:30,-4.49628102480204,113.0
MID150BEES.NS,2023-03-29 00:00:00+05:30,-0.9550035088124686,115.12000274658203
MID150BEES.NS,2023-03-31 00:00:00+05:30,0.22446214514884044,116.08999633789062
MID150BEES.NS,2023-04-03 00:00:00+05:30,0.2504974725199727,116.05999755859375
MID150BEES.NS,2023-04-05 00:00:00+05:30,1.8407054531170308,116.73999786376953
MID150BEES.NS,2023-04-06 00:00:00+05:30,0.9474577851663613,117.19999694824219
MID150BEES.NS,2023-04-10 00:00:00+05:30,2.3136435630791707,117.62999725341797
MID150BEES.NS,2023-04-11 00:00:00+05:30,2.0912531484767793,118.13999938964844
MID150BEES.NS,2023-04-12 00:00:00+05:30,2.2656764403275353,118.70999908447266
MID150BEES.NS,2023-04-13 00:00:00+05:30,3.305641896442002,119.37999725341797
MID150BEES.NS,2023-04-17 00:00:00+05:30,4.849016118623495,119.79000091552734
MID150BEES.NS,2023-04-18 00:00:00+05:30,5.744401408151045,120.38999938964844
MID150BEES.NS,2023-04-19 00:00:00+05:30,6.35398257095201,120.18000030517578
MID150BEES.NS,2023-04-20 00:00:00+05:30,4.447528661425015,120.23999786376953
MID150BEES.NS,2023-04-21 00:00:00+05:30,2.9804520828793146,119.55000305175781
MID150BEES.NS,2023-04-24 00:00:00+05:30,3.42926369175931,120.04000091552734
MID150BEES.NS,2023-04-25 00:00:00+05:30,2.5955103946744496,119.7699966430664
MID150BEES.NS,2023-04-26 00:00:00+05:30,2.192832561215141,119.7699966430664
MID150BEES.NS,2023-04-27 00:00:00+05:30,2.558872912107457,120.63999938964844
MID150BEES.NS,2023-04-28 00:00:00+05:30,3.1149486407549665,121.81999969482422
MID150BEES.NS,2023-05-02 00:00:00+05:30,3.6391203168573583,123.02999877929688
MID150BEES.NS,2023-05-03 00:00:00+05:30,3.007207279176227,122.97000122070312
MID150BEES.NS,2023-05-04 00:00:00+05:30,3.2807415269552553,123.72000122070312
MID150BEES.NS,2023-05-05 00:00:00+05:30,2.192872666361545,123.02999877929688
MID150BEES.NS,2023-05-08 00:00:00+05:30,3.5862851952481956,124.48999786376953
MID150BEES.NS,2023-05-09 00:00:00+05:30,3.2019282622435696,124.08999633789062
MID150BEES.NS,2023-05-10 00:00:00+05:30,4.224170048893217,124.5999984741211
MID150BEES.NS,2023-05-11 00:00:00+05:30,4.09863223210698,124.95999908447266
MID150BEES.NS,2023-05-12 00:00:00+05:30,3.990988179566024,124.55000305175781
MID150BEES.NS,2023-05-15 00:00:00+05:30,4.27486256164844,124.88999938964844
MID150BEES.NS,2023-05-16 00:00:00+05:30,3.9787823906186848,125.44000244140625
MID150BEES.NS,2023-05-17 00:00:00+05:30,2.897716949712703,125.3499984741211
MID150BEES.NS,2023-05-19 00:00:00+05:30,1.3330077265061302,124.66999816894531
MID150BEES.NS,2023-05-22 00:00:00+05:30,1.7402613388672217,125.11000061035156
MID150BEES.NS,2023-05-23 00:00:00+05:30,1.6569636292731005,125.7699966430664
MID150BEES.NS,2023-05-24 00:00:00+05:30,2.405916535675656,125.98999786376953
MID150BEES.NS,2023-05-25 00:00:00+05:30,1.7270476044442207,126.63999938964844
MID150BEES.NS,2023-05-26 00:00:00+05:30,2.619066883643395,127.33999633789062
MID150BEES.NS,2023-05-30 00:00:00+05:30,2.97752739157795,128.30999755859375
MID150BEES.NS,2023-05-31 00:00:00+05:30,3.2330353274061086,129.0
MID150BEES.NS,2023-06-01 00:00:00+05:30,3.693288423939256,129.14999389648438
MID150BEES.NS,2023-06-02 00:00:00+05:30,3.9955204720560467,129.8800048828125
MID150BEES.NS,2023-06-05 00:00:00+05:30,3.7707235614480084,130.1699981689453
MID150BEES.NS,2023-06-06 00:00:00+05:30,3.7814103880887684,130.08999633789062
MID150BEES.NS,2023-06-07 00:00:00+05:30,5.743164969334935,131.8300018310547
MID150BEES.NS,2023-06-08 00:00:00+05:30,4.763813192223787,131.07000732421875
MID150BEES.NS,2023-06-09 00:00:00+05:30,4.182239227657991,131.02999877929688
MID150BEES.NS,2023-06-12 00:00:00+05:30,4.5400499619680845,131.7100067138672
MID150BEES.NS,2023-06-13 00:00:00+05:30,5.259004812229784,133.3000030517578
MID150BEES.NS,2023-06-14 00:00:00+05:30,5.018061546580288,133.72999572753906
MID150BEES.NS,2023-06-15 00:00:00+05:30,4.333253576795326,133.8699951171875
MID150BEES.NS,2023-06-16 00:00:00+05:30,4.534888452337693,134.85000610351562
MID150BEES.NS,2023-06-19 00:00:00+05:30,4.459938085821147,134.91000366210938
MID150BEES.NS,2023-06-20 00:00:00+05:30,4.373261828028241,135.55999755859375
MID150BEES.NS,2023-06-21 00:00:00+05:30,4.924332605267412,136.5800018310547
MID150BEES.NS,2023-06-22 00:00:00+05:30,3.8819303512324987,135.13999938964844
MID150BEES.NS,2023-06-23 00:00:00+05:30,1.509523982040406,133.82000732421875
MID150BEES.NS,2023-06-26 00:00:00+05:30,2.5177291588958317,134.3699951171875
MID150BEES.NS,2023-06-27 00:00:00+05:30,3.121419809199333,135.1199951171875
MID150BEES.NS,2023-06-28 00:00:00+05:30,3.2723387281856198,136.02000427246094
MID150BEES.NS,2023-06-30 00:00:00+05:30,2.535626066498331,136.67999267578125
MID150BEES.NS,2023-07-07 00:00:00+05:30,3.155613067767482,137.9499969482422
MID150BEES.NS,2023-07-10 00:00:00+05:30,2.5846021065723868,137.3300018310547
MID150BEES.NS,2023-07-14 00:00:00+05:30,3.2628800128542634,139.25
MID150BEES.NS,2023-07-17 00:00:00+05:30,3.8025272290940215,140.0399932861328
MID150BEES.NS,2023-07-19 00:00:00+05:30,3.6367719263489917,140.49000549316406
MID150BEES.NS,2023-07-20 00:00:00+05:30,3.0311900235361566,140.72000122070312
MID150BEES.NS,2023-07-21 00:00:00+05:30,4.0032586107320745,140.5500030517578
MID150BEES.NS,2023-07-24 00:00:00+05:30,5.186060979508844,140.75999450683594
MID150BEES.NS,2023-07-26 00:00:00+05:30,5.670916612991572,141.99000549316406
MID150BEES.NS,2023-07-28 00:00:00+05:30,5.750447419511917,142.88999938964844
MID150BEES.NS,2023-08-03 00:00:00+05:30,5.190411216611857,143.0800018310547
MID150BEES.NS,2023-08-04 00:00:00+05:30,5.560437891991699,144.27999877929688
MID150BEES.NS,2023-08-07 00:00:00+05:30,4.980072872748331,144.82000732421875
MID150BEES.NS,2023-08-08 00:00:00+05:30,5.679751654961374,145.1300048828125
MID150BEES.NS,2023-08-09 00:00:00+05:30,4.574502777154388,145.6199951171875
MID150BEES.NS,2023-08-10 00:00:00+05:30,4.020283599492291,145.6699981689453
MID150BEES.NS,2023-08-11 00:00:00+05:30,3.473549315407265,145.3699951171875
MID150BEES.NS,2023-08-14 00:00:00+05:30,2.8140928231426887,144.67999267578125
MID150BEES.NS,2023-08-16 00:00:00+05:30,3.3653472962197117,145.27999877929688
MID150BEES.NS,2023-08-17 00:00:00+05:30,3.4313739837636303,145.58999633789062
MID150BEES.NS,2023-08-18 00:00:00+05:30,2.204373197361509,145.1199951171875
MID150BEES.NS,2023-08-21 00:00:00+05:30,2.358454147653699,146.25999450683594
MID150BEES.NS,2023-08-22 00:00:00+05:30,3.145093613650829,147.5800018310547
MID150BEES.NS,2023-08-23 00:00:00+05:30,2.973391032172268,148.57000732421875
MID150BEES.NS,2023-08-24 00:00:00+05:30,2.596322549838148,148.5800018310547
MID150BEES.NS,2023-08-25 00:00:00+05:30,2.039544791215442,148.08999633789062
MID150BEES.NS,2023-08-28 00:00:00+05:30,2.0326924963052884,148.5800018310547
MID150BEES.NS,2023-08-29 00:00:00+05:30,2.3615037307933573,149.11000061035156
MID150BEES.NS,2023-08-30 00:00:00+05:30,3.336318543318284,150.22000122070312
MID150BEES.NS,2023-08-31 00:00:00+05:30,3.8014931424037,150.17999267578125
MID150BEES.NS,2023-09-01 00:00:00+05:30,4.068009162835695,151.19000244140625
MID150BEES.NS,2023-09-04 00:00:00+05:30,4.883577710827347,152.6999969482422
MID150BEES.NS,2023-09-05 00:00:00+05:30,6.608332358980262,154.7100067138672
MID150BEES.NS,2023-09-06 00:00:00+05:30,5.647483984582635,154.52000427246094
MID150BEES.NS,2023-09-07 00:00:00+05:30,5.251389011955676,155.3300018310547
MID150BEES.NS,2023-09-08 00:00:00+05:30,6.037548307000606,157.5399932861328
MID150BEES.NS,2023-09-11 00:00:00+05:30,6.790951819588487,158.6699981689453
MID150BEES.NS,2023-09-12 00:00:00+05:30,3.9165393984642805,153.88999938964844
MID150BEES.NS,2023-09-13 00:00:00+05:30,3.9709205975061668,154.47999572753906
MID150BEES.NS,2023-09-14 00:00:00+05:30,4.44638512217419,155.74000549316406
MID150BEES.NS,2023-09-15 00:00:00+05:30,3.541467196244774,155.5399932861328
MID150BEES.NS,2023-09-18 00:00:00+05:30,3.2893878561247814,155.1199951171875
MID150BEES.NS,2023-09-20 00:00:00+05:30,2.2223695721241388,154.5500030517578
MID150BEES.NS,2023-09-21 00:00:00+05:30,0.6090425364484675,153.6300048828125
MID150BEES.NS,2023-09-22 00:00:00+05:30,-0.762722437697716,153.52999877929688
MID150BEES.NS,2023-09-25 00:00:00+05:30,-0.18120552132729895,154.24000549316406
MID150BEES.NS,2023-09-26 00:00:00+05:30,-1.0171903768939505,153.75
MID150BEES.NS,2023-09-27 00:00:00+05:30,-1.4789810026421546,155.2100067138672
MID150BEES.NS,2023-09-28 00:00:00+05:30,-3.1070730022521253,153.74000549316406
MID150BEES.NS,2023-09-29 00:00:00+05:30,0.9877212804532576,155.41000366210938
MID150BEES.NS,2023-10-03 00:00:00+05:30,0.3042473030178572,154.9499969482422
MID150BEES.NS,2023-10-04 00:00:00+05:30,-1.7786080485161726,152.97000122070312
MID150BEES.NS,2023-10-05 00:00:00+05:30,-1.3179811504797856,153.49000549316406
MID150BEES.NS,2023-10-06 00:00:00+05:30,-0.6059840581455145,154.17999267578125
MID150BEES.NS,2023-10-09 00:00:00+05:30,-1.8117133590868417,151.75
MID150BEES.NS,2023-10-10 00:00:00+05:30,0.18876083897414464,153.9199981689453
MID150BEES.NS,2023-10-11 00:00:00+05:30,0.6057499784828613,154.4600067138672
MID150BEES.NS,2023-10-12 00:00:00+05:30,0.6742694820371486,155.27999877929688
MID150BEES.NS,2023-10-13 00:00:00+05:30,0.9495978626778534,155.2100067138672
MID150BEES.NS,2023-10-16 00:00:00+05:30,0.14173439365905427,155.42999267578125
MID150BEES.NS,2023-10-17 00:00:00+05:30,1.2358487242078775,155.63999938964844
MID150BEES.NS,2023-10-18 00:00:00+05:30,-0.2766925709011825,154.97999572753906
MID150BEES.NS,2023-10-19 00:00:00+05:30,-0.09035133424055708,154.80999755859375
MID150BEES.NS,2023-10-20 00:00:00+05:30,0.30070696960671217,153.42999267578125
MID150BEES.NS,2023-10-23 00:00:00+05:30,-2.768909927616936,149.24000549316406
MID150BEES.NS,2023-10-25 00:00:00+05:30,-3.8591239012147227,148.22999572753906
MID150BEES.NS,2023-10-26 00:00:00+05:30,-3.7298211941412696,146.08999633789062
MID150BEES.NS,2023-10-27 00:00:00+05:30,-3.3458900453153917,148.77000427246094
MID150BEES.NS,2023-10-30 00:00:00+05:30,-3.5931650980949636,148.91000366210938
MID150BEES.NS,2023-10-31 00:00:00+05:30,-3.954146984748086,149.13999938964844
MID150BEES.NS,2023-11-01 00:00:00+05:30,-3.988146494199729,149.02000427246094
MID150BEES.NS,2023-11-02 00:00:00+05:30,-2.920924853675444,150.88999938964844
MID150BEES.NS,2023-11-03 00:00:00+05:30,-2.4929355551453147,151.75999450683594
MID150BEES.NS,2023-11-06 00:00:00+05:30,-1.1033626933919627,153.27000427246094
MID150BEES.NS,2023-11-07 00:00:00+05:30,-0.7040865286998543,153.72000122070312
MID150BEES.NS,2023-11-08 00:00:00+05:30,1.0232727622795368,155.0
MID150BEES.NS,2023-11-09 00:00:00+05:30,4.020369726048312,155.24000549316406
MID150BEES.NS,2023-11-10 00:00:00+05:30,4.72914387618959,155.24000549316406
MID150BEES.NS,2023-11-13 00:00:00+05:30,7.139440205369585,156.52000427246094
MID150BEES.NS,2023-11-15 00:00:00+05:30,6.029442067014568,157.74000549316406
MID150BEES.NS,2023-11-16 00:00:00+05:30,6.74232290593082,158.9499969482422
MID150BEES.NS,2023-11-17 00:00:00+05:30,6.966608174982736,159.52999877929688
MID150BEES.NS,2023-11-20 00:00:00+05:30,7.186948831041828,159.72999572753906
MID150BEES.NS,2023-11-21 00:00:00+05:30,5.653124006760435,159.4199981689453
MID150BEES.NS,2023-11-22 00:00:00+05:30,5.297844514984962,159.8000030517578
MID150BEES.NS,2023-11-23 00:00:00+05:30,4.44965869075471,160.08999633789062
MID150BEES.NS,2023-11-24 00:00:00+05:30,4.423629324589151,160.52000427246094
MID150BEES.NS,2023-11-28 00:00:00+05:30,4.090320217993959,161.33999633789062
MID150BEES.NS,2023-11-29 00:00:00+05:30,4.599329513656092,162.3800048828125
MID150BEES.NS,2023-11-30 00:00:00+05:30,5.797474672465341,164.24000549316406
MID150BEES.NS,2023-12-01 00:00:00+05:30,5.4689479459079315,165.0800018310547
MID150BEES.NS,2023-12-04 00:00:00+05:30,6.028904637795307,167.25
MID150BEES.NS,2023-12-05 00:00:00+05:30,5.479714929911816,167.66000366210938
MID150BEES.NS,2023-12-06 00:00:00+05:30,5.165176177656572,167.77000427246094
MID150BEES.NS,2023-12-07 00:00:00+05:30,5.853631974963847,169.0800018310547
MID150BEES.NS,2023-12-08 00:00:00+05:30,5.6768304828149985,168.47000122070312
MID150BEES.NS,2023-12-11 00:00:00+05:30,5.951185435056416,169.30999755859375
MID150BEES.NS,2023-12-12 00:00:00+05:30,5.446936985555562,168.80999755859375
MID150BEES.NS,2023-12-13 00:00:00+05:30,6.098924137527195,170.30999755859375
MID150BEES.NS,2023-12-14 00:00:00+05:30,7.15260245869469,172.8800048828125
MID150BEES.NS,2023-12-15 00:00:00+05:30,6.811181934977517,173.44000244140625
MID150BEES.NS,2023-12-18 00:00:00+05:30,5.540666427404206,173.33999633789062
MID150BEES.NS,2023-12-19 00:00:00+05:30,4.591714167057126,172.66000366210938
MID150BEES.NS,2023-12-20 00:00:00+05:30,0.3647238327961544,167.86000061035156
MID150BEES.NS,2023-12-21 00:00:00+05:30,1.3121775618446962,169.86000061035156
MID150BEES.NS,2023-12-22 00:00:00+05:30,1.8775667975597932,170.9199981689453
MID150BEES.NS,2023-12-26 00:00:00+05:30,1.8097927167349592,172.13999938964844
MID150BEES.NS,2023-12-27 00:00:00+05:30,2.5286368350262878,172.72999572753906
MID150BEES.NS,2023-12-28 00:00:00+05:30,2.492470191692431,173.52999877929688
MID150BEES.NS,2023-12-29 00:00:00+05:30,3.6846166167049166,175.02999877929688
MID150BEES.NS,2024-01-01 00:00:00+05:30,3.064999879943753,175.52999877929688
MID150BEES.NS,2024-01-02 00:00:00+05:30,1.521280396657887,175.50999450683594
MID150BEES.NS,2024-01-03 00:00:00+05:30,1.2684484070999869,175.63999938964844
MID150BEES.NS,2024-01-04 00:00:00+05:30,3.178729596188745,178.85000610351562
MID150BEES.NS,2024-01-05 00:00:00+05:30,3.973126644765035,179.52000427246094
MID150BEES.NS,2024-01-08 00:00:00+05:30,6.052665093033971,178.02000427246094
MID150BEES.NS,2024-01-09 00:00:00+05:30,4.927584532622098,178.22999572753906
MID150BEES.NS,2024-01-10 00:00:00+05:30,4.230046691430811,178.14999389648438
MID150BEES.NS,2024-01-11 00:00:00+05:30,4.089690549026548,179.17999267578125
MID150BEES.NS,2024-01-12 00:00:00+05:30,4.064148929601186,179.75
MID150BEES.NS,2024-01-15 00:00:00+05:30,4.3796497187680306,181.1300048828125
MID150BEES.NS,2024-01-16 00:00:00+05:30,3.0680427096150265,180.39999389648438
MID150BEES.NS,2024-01-17 00:00:00+05:30,1.674928765368966,178.47000122070312
MID150BEES.NS,2024-01-19 00:00:00+05:30,3.048262931435075,180.86000061035156
MID150BEES.NS,2024-01-23 00:00:00+05:30,0.48963824489869356,176.5
MID150BEES.NS,2024-01-24 00:00:00+05:30,0.3131101702449124,179.41000366210938
MID150BEES.NS,2024-01-25 00:00:00+05:30,-0.5737515345273891,178.49000549316406
MID150BEES.NS,2024-01-29 00:00:00+05:30,1.7301436676412596,181.10000610351562
MID150BEES.NS,2024-01-30 00:00:00+05:30,1.34096361271423,180.6199951171875
MID150BEES.NS,2024-01-31 00:00:00+05:30,2.744877663307599,183.0399932861328
MID150BEES.NS,2024-02-01 00:00:00+05:30,1.6408095555211055,182.1199951171875
MID150BEES.NS,2024-02-02 00:00:00+05:30,1.9360198762387038,183.22999572753906
MID150BEES.NS,2024-02-05 00:00:00+05:30,1.2311575484038828,183.36000061035156
MID150BEES.NS,2024-02-06 00:00:00+05:30,2.760538334156326,185.3800048828125
MID150BEES.NS,2024-02-07 00:00:00+05:30,4.544181405771619,186.5800018310547
MID150BEES.NS,2024-02-08 00:00:00+05:30,2.952557956358315,186.1999969482422
MID150BEES.NS,2024-02-09 00:00:00+05:30,4.645890622233528,184.6999969482422
MID150BEES.NS,2024-02-12 00:00:00+05:30,0.46262851240885805,180.24000549316406
MID150BEES.NS,2024-02-13 00:00:00+05:30,1.1149028926727311,180.47999572753906
MID150BEES.NS,2024-02-14 00:00:00+05:30,0.46934887690766036,181.9499969482422
MID150BEES.NS,2024-02-15 00:00:00+05:30,1.6720210132336266,183.63999938964844
MID150BEES.NS,2024-02-16 00:00:00+05:30,1.103586290731129,185.05999755859375
MID150BEES.NS,2024-02-19 00:00:00+05:30,2.0645782266826673,185.8800048828125
MID150BEES.NS,2024-02-20 00:00:00+05:30,1.6209143098597778,186.1999969482422
MID150BEES.NS,2024-02-21 00:00:00+05:30,0.4363018374208272,184.16000366210938
MID150BEES.NS,2024-02-22 00:00:00+05:30,0.02696504026977742,185.42999267578125
MID150BEES.NS,2024-02-23 00:00:00+05:30,-0.46092861073625535,185.72000122070312
MID150BEES.NS,2024-02-26 00:00:00+05:30,-0.24167398260874773,185.75
MID150BEES.NS,2024-02-27 00:00:00+05:30,0.6172167885676316,185.83999633789062
MID150BEES.NS,2024-02-28 00:00:00+05:30,1.2427819385857353,182.47999572753906
MID150BEES.NS,2024-02-29 00:00:00+05:30,1.119239982424669,182.5
MID150BEES.NS,2024-03-01 00:00:00+05:30,1.2970599889720713,184.30999755859375
MID150BEES.NS,2024-03-04 00:00:00+05:30,1.1217586394251855,185.6999969482422
MID150BEES.NS,2024-03-05 00:00:00+05:30,0.07025012673056441,185.19000244140625
MID150BEES.NS,2024-03-06 00:00:00+05:30,-0.9845070922009147,184.0500030517578
MID150BEES.NS,2024-03-07 00:00:00+05:30,-0.6444666852361669,185.0
MID150BEES.NS,2024-03-11 00:00:00+05:30,-0.24435107476856732,183.7100067138672
MID150BEES.NS,2024-03-12 00:00:00+05:30,-2.119394289494858,181.5
MID150BEES.NS,2024-03-13 00:00:00+05:30,-5.852894166347744,174.85000610351562
MID150BEES.NS,2024-03-14 00:00:00+05:30,-4.527592819439774,177.33999633789062
MID150BEES.NS,2024-03-15 00:00:00+05:30,-4.654538348546411,177.19000244140625
MID150BEES.NS,2024-03-18 00:00:00+05:30,-3.1400678768617074,176.75
MID150BEES.NS,2024-03-19 00:00:00+05:30,-4.317810894691776,174.6199951171875
MID150BEES.NS,2024-03-20 00:00:00+05:30,-5.550429093943676,174.0800018310547
MID150BEES.NS,2024-03-21 00:00:00+05:30,-4.18955245403978,177.9199981689453
MID150BEES.NS,2024-03-22 00:00:00+05:30,-3.050925579560426,179.5399932861328
MID150BEES.NS,2024-03-26 00:00:00+05:30,-1.4235318296842214,181.42999267578125
MID150BEES.NS,2024-03-27 00:00:00+05:30,-1.6864838471283838,181.8800048828125
MID150BEES.NS,2024-03-28 00:00:00+05:30,-0.8981596510653667,182.05999755859375
MID150BEES.NS,2024-04-01 00:00:00+05:30,1.988981052535288,185.11000061035156
MID150BEES.NS,2024-04-02 00:00:00+05:30,7.137543775749489,187.3300018310547
MID150BEES.NS,2024-04-03 00:00:00+05:30,6.236606398435263,188.39999389648438
MID150BEES.NS,2024-04-04 00:00:00+05:30,6.450698413168632,188.6199951171875
MID150BEES.NS,2024-04-05 00:00:00+05:30,7.3946293206329505,189.82000732421875
MID150BEES.NS,2024-04-08 00:00:00+05:30,8.830602794712572,190.0399932861328
MID150BEES.NS,2024-04-09 00:00:00+05:30,8.622469180235415,189.08999633789062
MID150BEES.NS,2024-04-10 00:00:00+05:30,7.126803094124301,190.60000610351562
MID150BEES.NS,2024-04-12 00:00:00+05:30,6.032083232728502,190.3699951171875
MID150BEES.NS,2024-04-15 00:00:00+05:30,3.4007681622741925,187.60000610351562
MID150BEES.NS,2024-04-16 00:00:00+05:30,3.122934090221152,187.55999755859375
MID150BEES.NS,2024-04-18 00:00:00+05:30,2.46072491904612,186.5399932861328
MID150BEES.NS,2024-04-19 00:00:00+05:30,0.5240134068957847,186.0800018310547
MID150BEES.NS,2024-04-22 00:00:00+05:30,-0.01601386804230831,187.3000030517578
MID150BEES.NS,2024-04-23 00:00:00+05:30,0.22293707077567504,188.82000732421875
MID150BEES.NS,2024-04-24 00:00:00+05:30,1.0020143349458888,190.50999450683594
MID150BEES.NS,2024-04-25 00:00:00+05:30,0.7217337816490144,191.19000244140625
MID150BEES.NS,2024-04-26 00:00:00+05:30,1.3523507761596498,192.61000061035156
MID150BEES.NS,2024-04-29 00:00:00+05:30,1.9250089693502392,192.72999572753906
MID150BEES.NS,2024-04-30 00:00:00+05:30,1.8940191472978984,194.2100067138672
MID150BEES.NS,2024-05-02 00:00:00+05:30,2.3165434549676123,194.77999877929688
MID150BEES.NS,2024-05-03 00:00:00+05:30,3.0596961874338913,193.33999633789062
MID150BEES.NS,2024-05-06 00:00:00+05:30,2.9963719291645985,193.17999267578125
MID150BEES.NS,2024-05-07 00:00:00+05:30,1.667203131920969,189.64999389648438
MID150BEES.NS,2024-05-08 00:00:00+05:30,2.477429366395345,190.69000244140625
MID150BEES.NS,2024-05-09 00:00:00+05:30,0.21890211181474495,187.7100067138672
MID150BEES.NS,2024-05-10 00:00:00+05:30,0.211838725224478,189.22000122070312
MID150BEES.NS,2024-05-13 00:00:00+05:30,-0.25195304255904993,190.02999877929688
MID150BEES.NS,2024-05-14 00:00:00+05:30,0.34520825026489455,191.85000610351562
MID150BEES.NS,2024-05-15 00:00:00+05:30,0.555522590747648,193.67999267578125
MID150BEES.NS,2024-05-16 00:00:00+05:30,1.146685395557978,194.94000244140625
MID150BEES.NS,2024-05-17 00:00:00+05:30,1.240918758048859,196.6199951171875
MID150BEES.NS,2024-05-21 00:00:00+05:30,1.9149788227309061,198.50999450683594
MID150BEES.NS,2024-05-22 00:00:00+05:30,3.346437024543958,199.80999755859375
MID150BEES.NS,2024-05-23 00:00:00+05:30,3.6235636532755633,200.17999267578125
MID150BEES.NS,2024-05-24 00:00:00+05:30,5.921440204452488,200.8800048828125
MID150BEES.NS,2024-05-27 00:00:00+05:30,5.569245886632546,201.30999755859375
MID150BEES.NS,2024-05-28 00:00:00+05:30,6.557986851152964,200.02000427246094
MID150BEES.NS,2024-05-29 00:00:00+05:30,5.358841202955755,199.36000061035156
MID150BEES.NS,2024-05-30 00:00:00+05:30,4.009890631024771,197.64999389648438
MID150BEES.NS,2024-05-31 00:00:00+05:30,3.5913469744331517,198.74000549316406
MID150BEES.NS,2024-06-03 00:00:00+05:30,6.794715076295521,206.83999633789062
MID150BEES.NS,2024-06-04 00:00:00+05:30,6.366063151065915,207.35000610351562
MID150BEES.NS,2024-06-05 00:00:00+05:30,-0.07120302773123699,196.47999572753906
MID150BEES.NS,2024-06-06 00:00:00+05:30,1.0981854792682766,200.69000244140625
MID150BEES.NS,2024-06-07 00:00:00+05:30,1.7216367966760515,203.25
MID150BEES.NS,2024-06-10 00:00:00+05:30,2.267963188646438,204.72000122070312
MID150BEES.NS,2024-06-11 00:00:00+05:30,2.7080855780443613,206.32000732421875
MID150BEES.NS,2024-06-12 00:00:00+05:30,3.656053201336573,208.6699981689453
MID150BEES.NS,2024-06-13 00:00:00+05:30,4.949501892320196,209.9199981689453
MID150BEES.NS,2024-06-14 00:00:00+05:30,6.455655636930824,212.22999572753906
MID150BEES.NS,2024-06-18 00:00:00+05:30,7.993930452652975,213.4499969482422
MID150BEES.NS,2024-06-19 00:00:00+05:30,6.430511435070119,211.52000427246094
MID150BEES.NS,2024-06-20 00:00:00+05:30,3.1328616810370136,213.32000732421875
MID150BEES.NS,2024-06-21 00:00:00+05:30,2.700743033463371,212.9499969482422
MID150BEES.NS,2024-06-24 00:00:00+05:30,8.586121102817202,213.35000610351562
MID150BEES.NS,2024-06-25 00:00:00+05:30,6.1737003532429835,213.0800018310547
MID150BEES.NS,2024-06-26 00:00:00+05:30,4.555962856991846,212.50999450683594
MID150BEES.NS,2024-06-27 00:00:00+05:30,3.893122886469147,212.69000244140625
MID150BEES.NS,2024-06-28 00:00:00+05:30,3.523647128534435,213.58999633789062
MID150BEES.NS,2024-07-01 00:00:00+05:30,3.5318901528050617,216.0399932861328
MID150BEES.NS,2024-07-02 00:00:00+05:30,2.477132714176755,215.1199951171875
MID150BEES.NS,2024-07-03 00:00:00+05:30,1.8753291553742724,216.2100067138672
MID150BEES.NS,2024-07-04 00:00:00+05:30,2.0566874923464873,217.83999633789062
MID150BEES.NS,2024-07-05 00:00:00+05:30,3.8152382292100606,219.58999633789062
MID150BEES.NS,2024-07-08 00:00:00+05:30,2.6954808750127013,219.07000732421875
MID150BEES.NS,2024-07-09 00:00:00+05:30,3.1134092405852076,219.5800018310547
MID150BEES.NS,2024-07-10 00:00:00+05:30,2.418555545209,218.50999450683594
MID150BEES.NS,2024-07-11 00:00:00+05:30,2.712595611802038,218.86000061035156
MID150BEES.NS,2024-07-12 00:00:00+05:30,3.0304468532651008,218.9499969482422
MID150BEES.NS,2024-07-15 00:00:00+05:30,3.2864686417504174,219.67999267578125
MID150BEES.NS,2024-07-16 00:00:00+05:30,3.0666244506114326,220.13999938964844
MID150BEES.NS,2024-07-18 00:00:00+05:30,1.1386811656715068,218.5
MID150BEES.NS,2024-07-19 00:00:00+05:30,-0.49274710982413206,214.05999755859375
MID150BEES.NS,2024-07-22 00:00:00+05:30,-0.30526046048499067,215.5500030517578
MID150BEES.NS,2024-07-23 00:00:00+05:30,-1.083364235230233,215.47999572753906
MID150BEES.NS,2024-07-24 00:00:00+05:30,-1.0610692062080207,217.25999450683594
MID150BEES.NS,2024-07-25 00:00:00+05:30,-1.0681569902065702,216.72999572753906
MID150BEES.NS,2024-07-26 00:00:00+05:30,0.48729030718059896,220.64999389648438
MID150BEES.NS,2024-07-29 00:00:00+05:30,1.7573619940572272,222.35000610351562
MID150BEES.NS,2024-07-30 00:00:00+05:30,2.115509855569986,223.49000549316406
MID150BEES.NS,2024-07-31 00:00:00+05:30,2.6581445103169177,224.77000427246094
MID150BEES.NS,2024-08-01 00:00:00+05:30,1.5932265644079457,223.17999267578125
MID150BEES.NS,2024-08-02 00:00:00+05:30,0.47697058902016476,221.19000244140625
MID150BEES.NS,2024-08-05 00:00:00+05:30,-0.5675082348576943,217.25999450683594
